ProteinName,PeptideSequence,PrecursorCharge,FragmentIon,ProductCharge,IsotopeLabelType,Condition,BioReplicate,Run,Intensity
contam_sp|P00004|CYC_HORSE,EDLIAYLK,2,NA,NA,L,D2,1,BM20230624_Ultra_IO25_200nl_30min2_ddaPASEF_230620_P4_1_D2_Slot1-1_1_1353,NA
contam_sp|P00004|CYC_HORSE,EDLIAYLK,2,NA,NA,L,D4,2,BM20230624_Ultra_IO25_200nl_30min2_ddaPASEF_230620_P4_1_D4_Slot1-1_1_1414,NA
contam_sp|P00004|CYC_HORSE,EDLIAYLK,2,NA,NA,L,E2,3,BM20230624_Ultra_IO25_200nl_30min2_ddaPASEF_230620_P4_1_E2_Slot1-1_1_1354,NA
contam_sp|P00004|CYC_HORSE,EDLIAYLK,2,NA,NA,L,E4,4,BM20230624_Ultra_IO25_200nl_30min2_ddaPASEF_230620_P4_1_E4_Slot1-1_1_1415,NA
contam_sp|P00004|CYC_HORSE,EDLIAYLK,2,NA,NA,L,F2,5,BM20230624_Ultra_IO25_200nl_30min2_ddaPASEF_230620_P4_1_F2_Slot1-1_1_1355,NA
contam_sp|P00004|CYC_HORSE,EDLIAYLK,2,NA,NA,L,F4,6,BM20230624_Ultra_IO25_200nl_30min2_ddaPASEF_230620_P4_1_F4_Slot1-1_1_1416,7759.2876
contam_sp|P00004|CYC_HORSE,EDLIAYLK,2,NA,NA,L,G2,7,BM20230624_Ultra_IO25_200nl_30min2_ddaPASEF_230620_P4_1_G2_Slot1-1_1_1356,NA
contam_sp|P00004|CYC_HORSE,EDLIAYLK,2,NA,NA,L,G4,8,BM20230624_Ultra_IO25_200nl_30min2_ddaPASEF_230620_P4_1_G4_Slot1-1_1_1417,6274.526
contam_sp|P00004|CYC_HORSE,TGPNLHGLFGR,2,NA,NA,L,D2,1,BM20230624_Ultra_IO25_200nl_30min2_ddaPASEF_230620_P4_1_D2_Slot1-1_1_1353,30277.389
contam_sp|P00004|CYC_HORSE,TGPNLHGLFGR,2,NA,NA,L,D4,2,BM20230624_Ultra_IO25_200nl_30min2_ddaPASEF_230620_P4_1_D4_Slot1-1_1_1414,22411.559
contam_sp|P00004|CYC_HORSE,TGPNLHGLFGR,2,NA,NA,L,E2,3,BM20230624_Ultra_IO25_200nl_30min2_ddaPASEF_230620_P4_1_E2_Slot1-1_1_1354,9601.513
contam_sp|P00004|CYC_HORSE,TGPNLHGLFGR,2,NA,NA,L,E4,4,BM20230624_Ultra_IO25_200nl_30min2_ddaPASEF_230620_P4_1_E4_Slot1-1_1_1415,20046.24
contam_sp|P00004|CYC_HORSE,TGPNLHGLFGR,2,NA,NA,L,F2,5,BM20230624_Ultra_IO25_200nl_30min2_ddaPASEF_230620_P4_1_F2_Slot1-1_1_1355,NA
contam_sp|P00004|CYC_HORSE,TGPNLHGLFGR,2,NA,NA,L,F4,6,BM20230624_Ultra_IO25_200nl_30min2_ddaPASEF_230620_P4_1_F4_Slot1-1_1_1416,25919.158
contam_sp|P00004|CYC_HORSE,TGPNLHGLFGR,2,NA,NA,L,G2,7,BM20230624_Ultra_IO25_200nl_30min2_ddaPASEF_230620_P4_1_G2_Slot1-1_1_1356,NA
contam_sp|P00004|CYC_HORSE,TGPNLHGLFGR,2,NA,NA,L,G4,8,BM20230624_Ultra_IO25_200nl_30min2_ddaPASEF_230620_P4_1_G4_Slot1-1_1_1417,24157.578
contam_sp|P00004|CYC_HORSE,TGPNLHGLFGR,3,NA,NA,L,D2,1,BM20230624_Ultra_IO25_200nl_30min2_ddaPASEF_230620_P4_1_D2_Slot1-1_1_1353,NA
contam_sp|P00004|CYC_HORSE,TGPNLHGLFGR,3,NA,NA,L,D4,2,BM20230624_Ultra_IO25_200nl_30min2_ddaPASEF_230620_P4_1_D4_Slot1-1_1_1414,19857.512
contam_sp|P00004|CYC_HORSE,TGPNLHGLFGR,3,NA,NA,L,E2,3,BM20230624_Ultra_IO25_200nl_30min2_ddaPASEF_230620_P4_1_E2_Slot1-1_1_1354,19507.63
contam_sp|P00004|CYC_HORSE,TGPNLHGLFGR,3,NA,NA,L,E4,4,BM20230624_Ultra_IO25_200nl_30min2_ddaPASEF_230620_P4_1_E4_Slot1-1_1_1415,19299.531
contam_sp|P00004|CYC_HORSE,TGPNLHGLFGR,3,NA,NA,L,F2,5,BM20230624_Ultra_IO25_200nl_30min2_ddaPASEF_230620_P4_1_F2_Slot1-1_1_1355,NA
contam_sp|P00004|CYC_HORSE,TGPNLHGLFGR,3,NA,NA,L,F4,6,BM20230624_Ultra_IO25_200nl_30min2_ddaPASEF_230620_P4_1_F4_Slot1-1_1_1416,24905.43
contam_sp|P00004|CYC_HORSE,TGPNLHGLFGR,3,NA,NA,L,G2,7,BM20230624_Ultra_IO25_200nl_30min2_ddaPASEF_230620_P4_1_G2_Slot1-1_1_1356,NA
contam_sp|P00004|CYC_HORSE,TGPNLHGLFGR,3,NA,NA,L,G4,8,BM20230624_Ultra_IO25_200nl_30min2_ddaPASEF_230620_P4_1_G4_Slot1-1_1_1417,22845.873
contam_sp|P00004|CYC_HORSE,MIFAGIK,2,NA,NA,L,D2,1,BM20230624_Ultra_IO25_200nl_30min2_ddaPASEF_230620_P4_1_D2_Slot1-1_1_1353,NA
contam_sp|P00004|CYC_HORSE,MIFAGIK,2,NA,NA,L,D4,2,BM20230624_Ultra_IO25_200nl_30min2_ddaPASEF_230620_P4_1_D4_Slot1-1_1_1414,2823.3706
contam_sp|P00004|CYC_HORSE,MIFAGIK,2,NA,NA,L,E2,3,BM20230624_Ultra_IO25_200nl_30min2_ddaPASEF_230620_P4_1_E2_Slot1-1_1_1354,NA
contam_sp|P00004|CYC_HORSE,MIFAGIK,2,NA,NA,L,E4,4,BM20230624_Ultra_IO25_200nl_30min2_ddaPASEF_230620_P4_1_E4_Slot1-1_1_1415,NA
contam_sp|P00004|CYC_HORSE,MIFAGIK,2,NA,NA,L,F2,5,BM20230624_Ultra_IO25_200nl_30min2_ddaPASEF_230620_P4_1_F2_Slot1-1_1_1355,NA
contam_sp|P00004|CYC_HORSE,MIFAGIK,2,NA,NA,L,F4,6,BM20230624_Ultra_IO25_200nl_30min2_ddaPASEF_230620_P4_1_F4_Slot1-1_1_1416,NA
contam_sp|P00004|CYC_HORSE,MIFAGIK,2,NA,NA,L,G2,7,BM20230624_Ultra_IO25_200nl_30min2_ddaPASEF_230620_P4_1_G2_Slot1-1_1_1356,NA
contam_sp|P00004|CYC_HORSE,MIFAGIK,2,NA,NA,L,G4,8,BM20230624_Ultra_IO25_200nl_30min2_ddaPASEF_230620_P4_1_G4_Slot1-1_1_1417,NA
contam_sp|P00761|TRYP_PIG,LGEHNIDVLEGNEQFINAAK,3,NA,NA,L,D2,1,BM20230624_Ultra_IO25_200nl_30min2_ddaPASEF_230620_P4_1_D2_Slot1-1_1_1353,NA
contam_sp|P00761|TRYP_PIG,LGEHNIDVLEGNEQFINAAK,3,NA,NA,L,D4,2,BM20230624_Ultra_IO25_200nl_30min2_ddaPASEF_230620_P4_1_D4_Slot1-1_1_1414,NA
contam_sp|P00761|TRYP_PIG,LGEHNIDVLEGNEQFINAAK,3,NA,NA,L,E2,3,BM20230624_Ultra_IO25_200nl_30min2_ddaPASEF_230620_P4_1_E2_Slot1-1_1_1354,NA
contam_sp|P00761|TRYP_PIG,LGEHNIDVLEGNEQFINAAK,3,NA,NA,L,E4,4,BM20230624_Ultra_IO25_200nl_30min2_ddaPASEF_230620_P4_1_E4_Slot1-1_1_1415,NA
contam_sp|P00761|TRYP_PIG,LGEHNIDVLEGNEQFINAAK,3,NA,NA,L,F2,5,BM20230624_Ultra_IO25_200nl_30min2_ddaPASEF_230620_P4_1_F2_Slot1-1_1_1355,19387.152
contam_sp|P00761|TRYP_PIG,LGEHNIDVLEGNEQFINAAK,3,NA,NA,L,F4,6,BM20230624_Ultra_IO25_200nl_30min2_ddaPASEF_230620_P4_1_F4_Slot1-1_1_1416,NA
contam_sp|P00761|TRYP_PIG,LGEHNIDVLEGNEQFINAAK,3,NA,NA,L,G2,7,BM20230624_Ultra_IO25_200nl_30min2_ddaPASEF_230620_P4_1_G2_Slot1-1_1_1356,6121.395
contam_sp|P00761|TRYP_PIG,LGEHNIDVLEGNEQFINAAK,3,NA,NA,L,G4,8,BM20230624_Ultra_IO25_200nl_30min2_ddaPASEF_230620_P4_1_G4_Slot1-1_1_1417,NA
contam_sp|P00761|TRYP_PIG,LSSPATLNSR,2,NA,NA,L,D2,1,BM20230624_Ultra_IO25_200nl_30min2_ddaPASEF_230620_P4_1_D2_Slot1-1_1_1353,78728.8
contam_sp|P00761|TRYP_PIG,LSSPATLNSR,2,NA,NA,L,D4,2,BM20230624_Ultra_IO25_200nl_30min2_ddaPASEF_230620_P4_1_D4_Slot1-1_1_1414,9322.57
contam_sp|P00761|TRYP_PIG,LSSPATLNSR,2,NA,NA,L,E2,3,BM20230624_Ultra_IO25_200nl_30min2_ddaPASEF_230620_P4_1_E2_Slot1-1_1_1354,NA
contam_sp|P00761|TRYP_PIG,LSSPATLNSR,2,NA,NA,L,E4,4,BM20230624_Ultra_IO25_200nl_30min2_ddaPASEF_230620_P4_1_E4_Slot1-1_1_1415,NA
contam_sp|P00761|TRYP_PIG,LSSPATLNSR,2,NA,NA,L,F2,5,BM20230624_Ultra_IO25_200nl_30min2_ddaPASEF_230620_P4_1_F2_Slot1-1_1_1355,97227.34
contam_sp|P00761|TRYP_PIG,LSSPATLNSR,2,NA,NA,L,F4,6,BM20230624_Ultra_IO25_200nl_30min2_ddaPASEF_230620_P4_1_F4_Slot1-1_1_1416,NA
contam_sp|P00761|TRYP_PIG,LSSPATLNSR,2,NA,NA,L,G2,7,BM20230624_Ultra_IO25_200nl_30min2_ddaPASEF_230620_P4_1_G2_Slot1-1_1_1356,84618.71
contam_sp|P00761|TRYP_PIG,LSSPATLNSR,2,NA,NA,L,G4,8,BM20230624_Ultra_IO25_200nl_30min2_ddaPASEF_230620_P4_1_G4_Slot1-1_1_1417,NA
contam_sp|P00761|TRYP_PIG,VATVSLPR,2,NA,NA,L,D2,1,BM20230624_Ultra_IO25_200nl_30min2_ddaPASEF_230620_P4_1_D2_Slot1-1_1_1353,29740.078
contam_sp|P00761|TRYP_PIG,VATVSLPR,2,NA,NA,L,D4,2,BM20230624_Ultra_IO25_200nl_30min2_ddaPASEF_230620_P4_1_D4_Slot1-1_1_1414,NA
contam_sp|P00761|TRYP_PIG,VATVSLPR,2,NA,NA,L,E2,3,BM20230624_Ultra_IO25_200nl_30min2_ddaPASEF_230620_P4_1_E2_Slot1-1_1_1354,186104.9
contam_sp|P00761|TRYP_PIG,VATVSLPR,2,NA,NA,L,E4,4,BM20230624_Ultra_IO25_200nl_30min2_ddaPASEF_230620_P4_1_E4_Slot1-1_1_1415,NA
contam_sp|P00761|TRYP_PIG,VATVSLPR,2,NA,NA,L,F2,5,BM20230624_Ultra_IO25_200nl_30min2_ddaPASEF_230620_P4_1_F2_Slot1-1_1_1355,NA
contam_sp|P00761|TRYP_PIG,VATVSLPR,2,NA,NA,L,F4,6,BM20230624_Ultra_IO25_200nl_30min2_ddaPASEF_230620_P4_1_F4_Slot1-1_1_1416,NA
contam_sp|P00761|TRYP_PIG,VATVSLPR,2,NA,NA,L,G2,7,BM20230624_Ultra_IO25_200nl_30min2_ddaPASEF_230620_P4_1_G2_Slot1-1_1_1356,119441.05
contam_sp|P00761|TRYP_PIG,VATVSLPR,2,NA,NA,L,G4,8,BM20230624_Ultra_IO25_200nl_30min2_ddaPASEF_230620_P4_1_G4_Slot1-1_1_1417,NA
contam_sp|P04264|K2C1_HUMAN,SISISVAR,2,NA,NA,L,D2,1,BM20230624_Ultra_IO25_200nl_30min2_ddaPASEF_230620_P4_1_D2_Slot1-1_1_1353,4765.574
contam_sp|P04264|K2C1_HUMAN,SISISVAR,2,NA,NA,L,D4,2,BM20230624_Ultra_IO25_200nl_30min2_ddaPASEF_230620_P4_1_D4_Slot1-1_1_1414,NA
contam_sp|P04264|K2C1_HUMAN,SISISVAR,2,NA,NA,L,E2,3,BM20230624_Ultra_IO25_200nl_30min2_ddaPASEF_230620_P4_1_E2_Slot1-1_1_1354,NA
contam_sp|P04264|K2C1_HUMAN,SISISVAR,2,NA,NA,L,E4,4,BM20230624_Ultra_IO25_200nl_30min2_ddaPASEF_230620_P4_1_E4_Slot1-1_1_1415,NA
contam_sp|P04264|K2C1_HUMAN,SISISVAR,2,NA,NA,L,F2,5,BM20230624_Ultra_IO25_200nl_30min2_ddaPASEF_230620_P4_1_F2_Slot1-1_1_1355,NA
contam_sp|P04264|K2C1_HUMAN,SISISVAR,2,NA,NA,L,F4,6,BM20230624_Ultra_IO25_200nl_30min2_ddaPASEF_230620_P4_1_F4_Slot1-1_1_1416,NA
contam_sp|P04264|K2C1_HUMAN,SISISVAR,2,NA,NA,L,G2,7,BM20230624_Ultra_IO25_200nl_30min2_ddaPASEF_230620_P4_1_G2_Slot1-1_1_1356,NA
contam_sp|P04264|K2C1_HUMAN,SISISVAR,2,NA,NA,L,G4,8,BM20230624_Ultra_IO25_200nl_30min2_ddaPASEF_230620_P4_1_G4_Slot1-1_1_1417,NA
contam_sp|P35527|K1C9_HUMAN,SGGGGGGGLGSGGSIR,2,NA,NA,L,D2,1,BM20230624_Ultra_IO25_200nl_30min2_ddaPASEF_230620_P4_1_D2_Slot1-1_1_1353,NA
contam_sp|P35527|K1C9_HUMAN,SGGGGGGGLGSGGSIR,2,NA,NA,L,D4,2,BM20230624_Ultra_IO25_200nl_30min2_ddaPASEF_230620_P4_1_D4_Slot1-1_1_1414,NA
contam_sp|P35527|K1C9_HUMAN,SGGGGGGGLGSGGSIR,2,NA,NA,L,E2,3,BM20230624_Ultra_IO25_200nl_30min2_ddaPASEF_230620_P4_1_E2_Slot1-1_1_1354,NA
contam_sp|P35527|K1C9_HUMAN,SGGGGGGGLGSGGSIR,2,NA,NA,L,E4,4,BM20230624_Ultra_IO25_200nl_30min2_ddaPASEF_230620_P4_1_E4_Slot1-1_1_1415,NA
contam_sp|P35527|K1C9_HUMAN,SGGGGGGGLGSGGSIR,2,NA,NA,L,F2,5,BM20230624_Ultra_IO25_200nl_30min2_ddaPASEF_230620_P4_1_F2_Slot1-1_1_1355,9872.9
contam_sp|P35527|K1C9_HUMAN,SGGGGGGGLGSGGSIR,2,NA,NA,L,F4,6,BM20230624_Ultra_IO25_200nl_30min2_ddaPASEF_230620_P4_1_F4_Slot1-1_1_1416,NA
contam_sp|P35527|K1C9_HUMAN,SGGGGGGGLGSGGSIR,2,NA,NA,L,G2,7,BM20230624_Ultra_IO25_200nl_30min2_ddaPASEF_230620_P4_1_G2_Slot1-1_1_1356,NA
contam_sp|P35527|K1C9_HUMAN,SGGGGGGGLGSGGSIR,2,NA,NA,L,G4,8,BM20230624_Ultra_IO25_200nl_30min2_ddaPASEF_230620_P4_1_G4_Slot1-1_1_1417,NA
contam_sp|P62937|PPIA_HUMAN,VSFELFADK,2,NA,NA,L,D2,1,BM20230624_Ultra_IO25_200nl_30min2_ddaPASEF_230620_P4_1_D2_Slot1-1_1_1353,NA
contam_sp|P62937|PPIA_HUMAN,VSFELFADK,2,NA,NA,L,D4,2,BM20230624_Ultra_IO25_200nl_30min2_ddaPASEF_230620_P4_1_D4_Slot1-1_1_1414,NA
contam_sp|P62937|PPIA_HUMAN,VSFELFADK,2,NA,NA,L,E2,3,BM20230624_Ultra_IO25_200nl_30min2_ddaPASEF_230620_P4_1_E2_Slot1-1_1_1354,NA
contam_sp|P62937|PPIA_HUMAN,VSFELFADK,2,NA,NA,L,E4,4,BM20230624_Ultra_IO25_200nl_30min2_ddaPASEF_230620_P4_1_E4_Slot1-1_1_1415,NA
contam_sp|P62937|PPIA_HUMAN,VSFELFADK,2,NA,NA,L,F2,5,BM20230624_Ultra_IO25_200nl_30min2_ddaPASEF_230620_P4_1_F2_Slot1-1_1_1355,NA
contam_sp|P62937|PPIA_HUMAN,VSFELFADK,2,NA,NA,L,F4,6,BM20230624_Ultra_IO25_200nl_30min2_ddaPASEF_230620_P4_1_F4_Slot1-1_1_1416,NA
contam_sp|P62937|PPIA_HUMAN,VSFELFADK,2,NA,NA,L,G2,7,BM20230624_Ultra_IO25_200nl_30min2_ddaPASEF_230620_P4_1_G2_Slot1-1_1_1356,NA
contam_sp|P62937|PPIA_HUMAN,VSFELFADK,2,NA,NA,L,G4,8,BM20230624_Ultra_IO25_200nl_30min2_ddaPASEF_230620_P4_1_G4_Slot1-1_1_1417,6454.439
sp|O60814|H2B1K_HUMAN,AMGIMNSFVNDIFER,2,NA,NA,L,D2,1,BM20230624_Ultra_IO25_200nl_30min2_ddaPASEF_230620_P4_1_D2_Slot1-1_1_1353,NA
sp|O60814|H2B1K_HUMAN,AMGIMNSFVNDIFER,2,NA,NA,L,D4,2,BM20230624_Ultra_IO25_200nl_30min2_ddaPASEF_230620_P4_1_D4_Slot1-1_1_1414,NA
sp|O60814|H2B1K_HUMAN,AMGIMNSFVNDIFER,2,NA,NA,L,E2,3,BM20230624_Ultra_IO25_200nl_30min2_ddaPASEF_230620_P4_1_E2_Slot1-1_1_1354,NA
sp|O60814|H2B1K_HUMAN,AMGIMNSFVNDIFER,2,NA,NA,L,E4,4,BM20230624_Ultra_IO25_200nl_30min2_ddaPASEF_230620_P4_1_E4_Slot1-1_1_1415,NA
sp|O60814|H2B1K_HUMAN,AMGIMNSFVNDIFER,2,NA,NA,L,F2,5,BM20230624_Ultra_IO25_200nl_30min2_ddaPASEF_230620_P4_1_F2_Slot1-1_1_1355,9273.278
sp|O60814|H2B1K_HUMAN,AMGIMNSFVNDIFER,2,NA,NA,L,F4,6,BM20230624_Ultra_IO25_200nl_30min2_ddaPASEF_230620_P4_1_F4_Slot1-1_1_1416,4435.562
sp|O60814|H2B1K_HUMAN,AMGIMNSFVNDIFER,2,NA,NA,L,G2,7,BM20230624_Ultra_IO25_200nl_30min2_ddaPASEF_230620_P4_1_G2_Slot1-1_1_1356,11488.519
sp|O60814|H2B1K_HUMAN,AMGIMNSFVNDIFER,2,NA,NA,L,G4,8,BM20230624_Ultra_IO25_200nl_30min2_ddaPASEF_230620_P4_1_G4_Slot1-1_1_1417,9336.14
sp|O60814|H2B1K_HUMAN,AMGIM[15.9949]NSFVNDIFER,2,NA,NA,L,D2,1,BM20230624_Ultra_IO25_200nl_30min2_ddaPASEF_230620_P4_1_D2_Slot1-1_1_1353,NA
sp|O60814|H2B1K_HUMAN,AMGIM[15.9949]NSFVNDIFER,2,NA,NA,L,D4,2,BM20230624_Ultra_IO25_200nl_30min2_ddaPASEF_230620_P4_1_D4_Slot1-1_1_1414,NA
sp|O60814|H2B1K_HUMAN,AMGIM[15.9949]NSFVNDIFER,2,NA,NA,L,E2,3,BM20230624_Ultra_IO25_200nl_30min2_ddaPASEF_230620_P4_1_E2_Slot1-1_1_1354,NA
sp|O60814|H2B1K_HUMAN,AMGIM[15.9949]NSFVNDIFER,2,NA,NA,L,E4,4,BM20230624_Ultra_IO25_200nl_30min2_ddaPASEF_230620_P4_1_E4_Slot1-1_1_1415,NA
sp|O60814|H2B1K_HUMAN,AMGIM[15.9949]NSFVNDIFER,2,NA,NA,L,F2,5,BM20230624_Ultra_IO25_200nl_30min2_ddaPASEF_230620_P4_1_F2_Slot1-1_1_1355,NA
sp|O60814|H2B1K_HUMAN,AMGIM[15.9949]NSFVNDIFER,2,NA,NA,L,F4,6,BM20230624_Ultra_IO25_200nl_30min2_ddaPASEF_230620_P4_1_F4_Slot1-1_1_1416,7410.194
sp|O60814|H2B1K_HUMAN,AMGIM[15.9949]NSFVNDIFER,2,NA,NA,L,G2,7,BM20230624_Ultra_IO25_200nl_30min2_ddaPASEF_230620_P4_1_G2_Slot1-1_1_1356,NA
sp|O60814|H2B1K_HUMAN,AMGIM[15.9949]NSFVNDIFER,2,NA,NA,L,G4,8,BM20230624_Ultra_IO25_200nl_30min2_ddaPASEF_230620_P4_1_G4_Slot1-1_1_1417,NA
sp|O60814|H2B1K_HUMAN,AM[15.9949]GIMNSFVNDIFER,2,NA,NA,L,D2,1,BM20230624_Ultra_IO25_200nl_30min2_ddaPASEF_230620_P4_1_D2_Slot1-1_1_1353,NA
sp|O60814|H2B1K_HUMAN,AM[15.9949]GIMNSFVNDIFER,2,NA,NA,L,D4,2,BM20230624_Ultra_IO25_200nl_30min2_ddaPASEF_230620_P4_1_D4_Slot1-1_1_1414,NA
sp|O60814|H2B1K_HUMAN,AM[15.9949]GIMNSFVNDIFER,2,NA,NA,L,E2,3,BM20230624_Ultra_IO25_200nl_30min2_ddaPASEF_230620_P4_1_E2_Slot1-1_1_1354,NA
sp|O60814|H2B1K_HUMAN,AM[15.9949]GIMNSFVNDIFER,2,NA,NA,L,E4,4,BM20230624_Ultra_IO25_200nl_30min2_ddaPASEF_230620_P4_1_E4_Slot1-1_1_1415,7143.288
sp|O60814|H2B1K_HUMAN,AM[15.9949]GIMNSFVNDIFER,2,NA,NA,L,F2,5,BM20230624_Ultra_IO25_200nl_30min2_ddaPASEF_230620_P4_1_F2_Slot1-1_1_1355,15207.135
sp|O60814|H2B1K_HUMAN,AM[15.9949]GIMNSFVNDIFER,2,NA,NA,L,F4,6,BM20230624_Ultra_IO25_200nl_30min2_ddaPASEF_230620_P4_1_F4_Slot1-1_1_1416,4165.3716
sp|O60814|H2B1K_HUMAN,AM[15.9949]GIMNSFVNDIFER,2,NA,NA,L,G2,7,BM20230624_Ultra_IO25_200nl_30min2_ddaPASEF_230620_P4_1_G2_Slot1-1_1_1356,16952.758
sp|O60814|H2B1K_HUMAN,AM[15.9949]GIMNSFVNDIFER,2,NA,NA,L,G4,8,BM20230624_Ultra_IO25_200nl_30min2_ddaPASEF_230620_P4_1_G4_Slot1-1_1_1417,6072.7446
sp|O60814|H2B1K_HUMAN,EIQTAVR,2,NA,NA,L,D2,1,BM20230624_Ultra_IO25_200nl_30min2_ddaPASEF_230620_P4_1_D2_Slot1-1_1_1353,80664.586
sp|O60814|H2B1K_HUMAN,EIQTAVR,2,NA,NA,L,D4,2,BM20230624_Ultra_IO25_200nl_30min2_ddaPASEF_230620_P4_1_D4_Slot1-1_1_1414,NA
sp|O60814|H2B1K_HUMAN,EIQTAVR,2,NA,NA,L,E2,3,BM20230624_Ultra_IO25_200nl_30min2_ddaPASEF_230620_P4_1_E2_Slot1-1_1_1354,NA
sp|O60814|H2B1K_HUMAN,EIQTAVR,2,NA,NA,L,E4,4,BM20230624_Ultra_IO25_200nl_30min2_ddaPASEF_230620_P4_1_E4_Slot1-1_1_1415,NA
sp|O60814|H2B1K_HUMAN,EIQTAVR,2,NA,NA,L,F2,5,BM20230624_Ultra_IO25_200nl_30min2_ddaPASEF_230620_P4_1_F2_Slot1-1_1_1355,NA
sp|O60814|H2B1K_HUMAN,EIQTAVR,2,NA,NA,L,F4,6,BM20230624_Ultra_IO25_200nl_30min2_ddaPASEF_230620_P4_1_F4_Slot1-1_1_1416,NA
sp|O60814|H2B1K_HUMAN,EIQTAVR,2,NA,NA,L,G2,7,BM20230624_Ultra_IO25_200nl_30min2_ddaPASEF_230620_P4_1_G2_Slot1-1_1_1356,NA
sp|O60814|H2B1K_HUMAN,EIQTAVR,2,NA,NA,L,G4,8,BM20230624_Ultra_IO25_200nl_30min2_ddaPASEF_230620_P4_1_G4_Slot1-1_1_1417,NA
sp|O60814|H2B1K_HUMAN,LLLPGELAK,2,NA,NA,L,D2,1,BM20230624_Ultra_IO25_200nl_30min2_ddaPASEF_230620_P4_1_D2_Slot1-1_1_1353,NA
sp|O60814|H2B1K_HUMAN,LLLPGELAK,2,NA,NA,L,D4,2,BM20230624_Ultra_IO25_200nl_30min2_ddaPASEF_230620_P4_1_D4_Slot1-1_1_1414,13824.336
sp|O60814|H2B1K_HUMAN,LLLPGELAK,2,NA,NA,L,E2,3,BM20230624_Ultra_IO25_200nl_30min2_ddaPASEF_230620_P4_1_E2_Slot1-1_1_1354,28002.96
sp|O60814|H2B1K_HUMAN,LLLPGELAK,2,NA,NA,L,E4,4,BM20230624_Ultra_IO25_200nl_30min2_ddaPASEF_230620_P4_1_E4_Slot1-1_1_1415,13842.994
sp|O60814|H2B1K_HUMAN,LLLPGELAK,2,NA,NA,L,F2,5,BM20230624_Ultra_IO25_200nl_30min2_ddaPASEF_230620_P4_1_F2_Slot1-1_1_1355,NA
sp|O60814|H2B1K_HUMAN,LLLPGELAK,2,NA,NA,L,F4,6,BM20230624_Ultra_IO25_200nl_30min2_ddaPASEF_230620_P4_1_F4_Slot1-1_1_1416,18181.168
sp|O60814|H2B1K_HUMAN,LLLPGELAK,2,NA,NA,L,G2,7,BM20230624_Ultra_IO25_200nl_30min2_ddaPASEF_230620_P4_1_G2_Slot1-1_1_1356,31873.062
sp|O60814|H2B1K_HUMAN,LLLPGELAK,2,NA,NA,L,G4,8,BM20230624_Ultra_IO25_200nl_30min2_ddaPASEF_230620_P4_1_G4_Slot1-1_1_1417,18861.695
sp|O60814|H2B1K_HUMAN,AM[15.9949]GIM[15.9949]NSFVNDIFER,2,NA,NA,L,D2,1,BM20230624_Ultra_IO25_200nl_30min2_ddaPASEF_230620_P4_1_D2_Slot1-1_1_1353,NA
sp|O60814|H2B1K_HUMAN,AM[15.9949]GIM[15.9949]NSFVNDIFER,2,NA,NA,L,D4,2,BM20230624_Ultra_IO25_200nl_30min2_ddaPASEF_230620_P4_1_D4_Slot1-1_1_1414,12111.534
sp|O60814|H2B1K_HUMAN,AM[15.9949]GIM[15.9949]NSFVNDIFER,2,NA,NA,L,E2,3,BM20230624_Ultra_IO25_200nl_30min2_ddaPASEF_230620_P4_1_E2_Slot1-1_1_1354,NA
sp|O60814|H2B1K_HUMAN,AM[15.9949]GIM[15.9949]NSFVNDIFER,2,NA,NA,L,E4,4,BM20230624_Ultra_IO25_200nl_30min2_ddaPASEF_230620_P4_1_E4_Slot1-1_1_1415,13243.213
sp|O60814|H2B1K_HUMAN,AM[15.9949]GIM[15.9949]NSFVNDIFER,2,NA,NA,L,F2,5,BM20230624_Ultra_IO25_200nl_30min2_ddaPASEF_230620_P4_1_F2_Slot1-1_1_1355,22597.133
sp|O60814|H2B1K_HUMAN,AM[15.9949]GIM[15.9949]NSFVNDIFER,2,NA,NA,L,F4,6,BM20230624_Ultra_IO25_200nl_30min2_ddaPASEF_230620_P4_1_F4_Slot1-1_1_1416,10717.359
sp|O60814|H2B1K_HUMAN,AM[15.9949]GIM[15.9949]NSFVNDIFER,2,NA,NA,L,G2,7,BM20230624_Ultra_IO25_200nl_30min2_ddaPASEF_230620_P4_1_G2_Slot1-1_1_1356,24607.725
sp|O60814|H2B1K_HUMAN,AM[15.9949]GIM[15.9949]NSFVNDIFER,2,NA,NA,L,G4,8,BM20230624_Ultra_IO25_200nl_30min2_ddaPASEF_230620_P4_1_G4_Slot1-1_1_1417,10474.557
sp|O60814|H2B1K_HUMAN,ESYSVYVYK,2,NA,NA,L,D2,1,BM20230624_Ultra_IO25_200nl_30min2_ddaPASEF_230620_P4_1_D2_Slot1-1_1_1353,NA
sp|O60814|H2B1K_HUMAN,ESYSVYVYK,2,NA,NA,L,D4,2,BM20230624_Ultra_IO25_200nl_30min2_ddaPASEF_230620_P4_1_D4_Slot1-1_1_1414,8996.309
sp|O60814|H2B1K_HUMAN,ESYSVYVYK,2,NA,NA,L,E2,3,BM20230624_Ultra_IO25_200nl_30min2_ddaPASEF_230620_P4_1_E2_Slot1-1_1_1354,16571.154
sp|O60814|H2B1K_HUMAN,ESYSVYVYK,2,NA,NA,L,E4,4,BM20230624_Ultra_IO25_200nl_30min2_ddaPASEF_230620_P4_1_E4_Slot1-1_1_1415,NA
sp|O60814|H2B1K_HUMAN,ESYSVYVYK,2,NA,NA,L,F2,5,BM20230624_Ultra_IO25_200nl_30min2_ddaPASEF_230620_P4_1_F2_Slot1-1_1_1355,NA
sp|O60814|H2B1K_HUMAN,ESYSVYVYK,2,NA,NA,L,F4,6,BM20230624_Ultra_IO25_200nl_30min2_ddaPASEF_230620_P4_1_F4_Slot1-1_1_1416,20672.832
sp|O60814|H2B1K_HUMAN,ESYSVYVYK,2,NA,NA,L,G2,7,BM20230624_Ultra_IO25_200nl_30min2_ddaPASEF_230620_P4_1_G2_Slot1-1_1_1356,19591.355
sp|O60814|H2B1K_HUMAN,ESYSVYVYK,2,NA,NA,L,G4,8,BM20230624_Ultra_IO25_200nl_30min2_ddaPASEF_230620_P4_1_G4_Slot1-1_1_1417,16019.774
sp|P01042|KNG1_HUMAN,PPGFSPFR,2,NA,NA,L,D2,1,BM20230624_Ultra_IO25_200nl_30min2_ddaPASEF_230620_P4_1_D2_Slot1-1_1_1353,NA
sp|P01042|KNG1_HUMAN,PPGFSPFR,2,NA,NA,L,D4,2,BM20230624_Ultra_IO25_200nl_30min2_ddaPASEF_230620_P4_1_D4_Slot1-1_1_1414,2341.329
sp|P01042|KNG1_HUMAN,PPGFSPFR,2,NA,NA,L,E2,3,BM20230624_Ultra_IO25_200nl_30min2_ddaPASEF_230620_P4_1_E2_Slot1-1_1_1354,23112.508
sp|P01042|KNG1_HUMAN,PPGFSPFR,2,NA,NA,L,E4,4,BM20230624_Ultra_IO25_200nl_30min2_ddaPASEF_230620_P4_1_E4_Slot1-1_1_1415,5086.6055
sp|P01042|KNG1_HUMAN,PPGFSPFR,2,NA,NA,L,F2,5,BM20230624_Ultra_IO25_200nl_30min2_ddaPASEF_230620_P4_1_F2_Slot1-1_1_1355,NA
sp|P01042|KNG1_HUMAN,PPGFSPFR,2,NA,NA,L,F4,6,BM20230624_Ultra_IO25_200nl_30min2_ddaPASEF_230620_P4_1_F4_Slot1-1_1_1416,4395.346
sp|P01042|KNG1_HUMAN,PPGFSPFR,2,NA,NA,L,G2,7,BM20230624_Ultra_IO25_200nl_30min2_ddaPASEF_230620_P4_1_G2_Slot1-1_1_1356,25409.602
sp|P01042|KNG1_HUMAN,PPGFSPFR,2,NA,NA,L,G4,8,BM20230624_Ultra_IO25_200nl_30min2_ddaPASEF_230620_P4_1_G4_Slot1-1_1_1417,NA
sp|P02533|K1C14_HUMAN,LAADDFR,2,NA,NA,L,D2,1,BM20230624_Ultra_IO25_200nl_30min2_ddaPASEF_230620_P4_1_D2_Slot1-1_1_1353,12256.745
sp|P02533|K1C14_HUMAN,LAADDFR,2,NA,NA,L,D4,2,BM20230624_Ultra_IO25_200nl_30min2_ddaPASEF_230620_P4_1_D4_Slot1-1_1_1414,NA
sp|P02533|K1C14_HUMAN,LAADDFR,2,NA,NA,L,E2,3,BM20230624_Ultra_IO25_200nl_30min2_ddaPASEF_230620_P4_1_E2_Slot1-1_1_1354,NA
sp|P02533|K1C14_HUMAN,LAADDFR,2,NA,NA,L,E4,4,BM20230624_Ultra_IO25_200nl_30min2_ddaPASEF_230620_P4_1_E4_Slot1-1_1_1415,NA
sp|P02533|K1C14_HUMAN,LAADDFR,2,NA,NA,L,F2,5,BM20230624_Ultra_IO25_200nl_30min2_ddaPASEF_230620_P4_1_F2_Slot1-1_1_1355,NA
sp|P02533|K1C14_HUMAN,LAADDFR,2,NA,NA,L,F4,6,BM20230624_Ultra_IO25_200nl_30min2_ddaPASEF_230620_P4_1_F4_Slot1-1_1_1416,NA
sp|P02533|K1C14_HUMAN,LAADDFR,2,NA,NA,L,G2,7,BM20230624_Ultra_IO25_200nl_30min2_ddaPASEF_230620_P4_1_G2_Slot1-1_1_1356,NA
sp|P02533|K1C14_HUMAN,LAADDFR,2,NA,NA,L,G4,8,BM20230624_Ultra_IO25_200nl_30min2_ddaPASEF_230620_P4_1_G4_Slot1-1_1_1417,NA
sp|P04350|TBB4A_HUMAN,LAVNMVPFPR,2,NA,NA,L,D2,1,BM20230624_Ultra_IO25_200nl_30min2_ddaPASEF_230620_P4_1_D2_Slot1-1_1_1353,NA
sp|P04350|TBB4A_HUMAN,LAVNMVPFPR,2,NA,NA,L,D4,2,BM20230624_Ultra_IO25_200nl_30min2_ddaPASEF_230620_P4_1_D4_Slot1-1_1_1414,NA
sp|P04350|TBB4A_HUMAN,LAVNMVPFPR,2,NA,NA,L,E2,3,BM20230624_Ultra_IO25_200nl_30min2_ddaPASEF_230620_P4_1_E2_Slot1-1_1_1354,NA
sp|P04350|TBB4A_HUMAN,LAVNMVPFPR,2,NA,NA,L,E4,4,BM20230624_Ultra_IO25_200nl_30min2_ddaPASEF_230620_P4_1_E4_Slot1-1_1_1415,NA
sp|P04350|TBB4A_HUMAN,LAVNMVPFPR,2,NA,NA,L,F2,5,BM20230624_Ultra_IO25_200nl_30min2_ddaPASEF_230620_P4_1_F2_Slot1-1_1_1355,NA
sp|P04350|TBB4A_HUMAN,LAVNMVPFPR,2,NA,NA,L,F4,6,BM20230624_Ultra_IO25_200nl_30min2_ddaPASEF_230620_P4_1_F4_Slot1-1_1_1416,6026.5996
sp|P04350|TBB4A_HUMAN,LAVNMVPFPR,2,NA,NA,L,G2,7,BM20230624_Ultra_IO25_200nl_30min2_ddaPASEF_230620_P4_1_G2_Slot1-1_1_1356,NA
sp|P04350|TBB4A_HUMAN,LAVNMVPFPR,2,NA,NA,L,G4,8,BM20230624_Ultra_IO25_200nl_30min2_ddaPASEF_230620_P4_1_G4_Slot1-1_1_1417,NA
sp|P04406|G3P_HUMAN,LISWYDNEFGYSNR,2,NA,NA,L,D2,1,BM20230624_Ultra_IO25_200nl_30min2_ddaPASEF_230620_P4_1_D2_Slot1-1_1_1353,NA
sp|P04406|G3P_HUMAN,LISWYDNEFGYSNR,2,NA,NA,L,D4,2,BM20230624_Ultra_IO25_200nl_30min2_ddaPASEF_230620_P4_1_D4_Slot1-1_1_1414,5146.1416
sp|P04406|G3P_HUMAN,LISWYDNEFGYSNR,2,NA,NA,L,E2,3,BM20230624_Ultra_IO25_200nl_30min2_ddaPASEF_230620_P4_1_E2_Slot1-1_1_1354,NA
sp|P04406|G3P_HUMAN,LISWYDNEFGYSNR,2,NA,NA,L,E4,4,BM20230624_Ultra_IO25_200nl_30min2_ddaPASEF_230620_P4_1_E4_Slot1-1_1_1415,5266.894
sp|P04406|G3P_HUMAN,LISWYDNEFGYSNR,2,NA,NA,L,F2,5,BM20230624_Ultra_IO25_200nl_30min2_ddaPASEF_230620_P4_1_F2_Slot1-1_1_1355,11242.396
sp|P04406|G3P_HUMAN,LISWYDNEFGYSNR,2,NA,NA,L,F4,6,BM20230624_Ultra_IO25_200nl_30min2_ddaPASEF_230620_P4_1_F4_Slot1-1_1_1416,11440.008
sp|P04406|G3P_HUMAN,LISWYDNEFGYSNR,2,NA,NA,L,G2,7,BM20230624_Ultra_IO25_200nl_30min2_ddaPASEF_230620_P4_1_G2_Slot1-1_1_1356,7484.7124
sp|P04406|G3P_HUMAN,LISWYDNEFGYSNR,2,NA,NA,L,G4,8,BM20230624_Ultra_IO25_200nl_30min2_ddaPASEF_230620_P4_1_G4_Slot1-1_1_1417,7602.3525
sp|P04406|G3P_HUMAN,LVINGNPITIFQER,2,NA,NA,L,D2,1,BM20230624_Ultra_IO25_200nl_30min2_ddaPASEF_230620_P4_1_D2_Slot1-1_1_1353,NA
sp|P04406|G3P_HUMAN,LVINGNPITIFQER,2,NA,NA,L,D4,2,BM20230624_Ultra_IO25_200nl_30min2_ddaPASEF_230620_P4_1_D4_Slot1-1_1_1414,NA
sp|P04406|G3P_HUMAN,LVINGNPITIFQER,2,NA,NA,L,E2,3,BM20230624_Ultra_IO25_200nl_30min2_ddaPASEF_230620_P4_1_E2_Slot1-1_1_1354,NA
sp|P04406|G3P_HUMAN,LVINGNPITIFQER,2,NA,NA,L,E4,4,BM20230624_Ultra_IO25_200nl_30min2_ddaPASEF_230620_P4_1_E4_Slot1-1_1_1415,NA
sp|P04406|G3P_HUMAN,LVINGNPITIFQER,2,NA,NA,L,F2,5,BM20230624_Ultra_IO25_200nl_30min2_ddaPASEF_230620_P4_1_F2_Slot1-1_1_1355,NA
sp|P04406|G3P_HUMAN,LVINGNPITIFQER,2,NA,NA,L,F4,6,BM20230624_Ultra_IO25_200nl_30min2_ddaPASEF_230620_P4_1_F4_Slot1-1_1_1416,3666.6392
sp|P04406|G3P_HUMAN,LVINGNPITIFQER,2,NA,NA,L,G2,7,BM20230624_Ultra_IO25_200nl_30min2_ddaPASEF_230620_P4_1_G2_Slot1-1_1_1356,NA
sp|P04406|G3P_HUMAN,LVINGNPITIFQER,2,NA,NA,L,G4,8,BM20230624_Ultra_IO25_200nl_30min2_ddaPASEF_230620_P4_1_G4_Slot1-1_1_1417,3169.4487
sp|P04908|H2A1B_HUMAN,AGLQFPVGR,2,NA,NA,L,D2,1,BM20230624_Ultra_IO25_200nl_30min2_ddaPASEF_230620_P4_1_D2_Slot1-1_1_1353,83560.836
sp|P04908|H2A1B_HUMAN,AGLQFPVGR,2,NA,NA,L,D4,2,BM20230624_Ultra_IO25_200nl_30min2_ddaPASEF_230620_P4_1_D4_Slot1-1_1_1414,11904.237
sp|P04908|H2A1B_HUMAN,AGLQFPVGR,2,NA,NA,L,E2,3,BM20230624_Ultra_IO25_200nl_30min2_ddaPASEF_230620_P4_1_E2_Slot1-1_1_1354,33440.703
sp|P04908|H2A1B_HUMAN,AGLQFPVGR,2,NA,NA,L,E4,4,BM20230624_Ultra_IO25_200nl_30min2_ddaPASEF_230620_P4_1_E4_Slot1-1_1_1415,13280.87
sp|P04908|H2A1B_HUMAN,AGLQFPVGR,2,NA,NA,L,F2,5,BM20230624_Ultra_IO25_200nl_30min2_ddaPASEF_230620_P4_1_F2_Slot1-1_1_1355,41428.344
sp|P04908|H2A1B_HUMAN,AGLQFPVGR,2,NA,NA,L,F4,6,BM20230624_Ultra_IO25_200nl_30min2_ddaPASEF_230620_P4_1_F4_Slot1-1_1_1416,16855.094
sp|P04908|H2A1B_HUMAN,AGLQFPVGR,2,NA,NA,L,G2,7,BM20230624_Ultra_IO25_200nl_30min2_ddaPASEF_230620_P4_1_G2_Slot1-1_1_1356,35300.24
sp|P04908|H2A1B_HUMAN,AGLQFPVGR,2,NA,NA,L,G4,8,BM20230624_Ultra_IO25_200nl_30min2_ddaPASEF_230620_P4_1_G4_Slot1-1_1_1417,16817.627
sp|P04908|H2A1B_HUMAN,HLQLAIR,2,NA,NA,L,D2,1,BM20230624_Ultra_IO25_200nl_30min2_ddaPASEF_230620_P4_1_D2_Slot1-1_1_1353,NA
sp|P04908|H2A1B_HUMAN,HLQLAIR,2,NA,NA,L,D4,2,BM20230624_Ultra_IO25_200nl_30min2_ddaPASEF_230620_P4_1_D4_Slot1-1_1_1414,28327.701
sp|P04908|H2A1B_HUMAN,HLQLAIR,2,NA,NA,L,E2,3,BM20230624_Ultra_IO25_200nl_30min2_ddaPASEF_230620_P4_1_E2_Slot1-1_1_1354,10904.05
sp|P04908|H2A1B_HUMAN,HLQLAIR,2,NA,NA,L,E4,4,BM20230624_Ultra_IO25_200nl_30min2_ddaPASEF_230620_P4_1_E4_Slot1-1_1_1415,NA
sp|P04908|H2A1B_HUMAN,HLQLAIR,2,NA,NA,L,F2,5,BM20230624_Ultra_IO25_200nl_30min2_ddaPASEF_230620_P4_1_F2_Slot1-1_1_1355,NA
sp|P04908|H2A1B_HUMAN,HLQLAIR,2,NA,NA,L,F4,6,BM20230624_Ultra_IO25_200nl_30min2_ddaPASEF_230620_P4_1_F4_Slot1-1_1_1416,18033.748
sp|P04908|H2A1B_HUMAN,HLQLAIR,2,NA,NA,L,G2,7,BM20230624_Ultra_IO25_200nl_30min2_ddaPASEF_230620_P4_1_G2_Slot1-1_1_1356,6483.2627
sp|P04908|H2A1B_HUMAN,HLQLAIR,2,NA,NA,L,G4,8,BM20230624_Ultra_IO25_200nl_30min2_ddaPASEF_230620_P4_1_G4_Slot1-1_1_1417,NA
sp|P04908|H2A1B_HUMAN,VTIAQGGVLPNIQAVLLPK,2,NA,NA,L,D2,1,BM20230624_Ultra_IO25_200nl_30min2_ddaPASEF_230620_P4_1_D2_Slot1-1_1_1353,NA
sp|P04908|H2A1B_HUMAN,VTIAQGGVLPNIQAVLLPK,2,NA,NA,L,D4,2,BM20230624_Ultra_IO25_200nl_30min2_ddaPASEF_230620_P4_1_D4_Slot1-1_1_1414,NA
sp|P04908|H2A1B_HUMAN,VTIAQGGVLPNIQAVLLPK,2,NA,NA,L,E2,3,BM20230624_Ultra_IO25_200nl_30min2_ddaPASEF_230620_P4_1_E2_Slot1-1_1_1354,NA
sp|P04908|H2A1B_HUMAN,VTIAQGGVLPNIQAVLLPK,2,NA,NA,L,E4,4,BM20230624_Ultra_IO25_200nl_30min2_ddaPASEF_230620_P4_1_E4_Slot1-1_1_1415,11242.703
sp|P04908|H2A1B_HUMAN,VTIAQGGVLPNIQAVLLPK,2,NA,NA,L,F2,5,BM20230624_Ultra_IO25_200nl_30min2_ddaPASEF_230620_P4_1_F2_Slot1-1_1_1355,11335.655
sp|P04908|H2A1B_HUMAN,VTIAQGGVLPNIQAVLLPK,2,NA,NA,L,F4,6,BM20230624_Ultra_IO25_200nl_30min2_ddaPASEF_230620_P4_1_F4_Slot1-1_1_1416,13168.544
sp|P04908|H2A1B_HUMAN,VTIAQGGVLPNIQAVLLPK,2,NA,NA,L,G2,7,BM20230624_Ultra_IO25_200nl_30min2_ddaPASEF_230620_P4_1_G2_Slot1-1_1_1356,NA
sp|P04908|H2A1B_HUMAN,VTIAQGGVLPNIQAVLLPK,2,NA,NA,L,G4,8,BM20230624_Ultra_IO25_200nl_30min2_ddaPASEF_230620_P4_1_G4_Slot1-1_1_1417,12385.008
sp|P06733|ENOA_HUMAN,DATNVGDEGGFAPNILENK,2,NA,NA,L,D2,1,BM20230624_Ultra_IO25_200nl_30min2_ddaPASEF_230620_P4_1_D2_Slot1-1_1_1353,NA
sp|P06733|ENOA_HUMAN,DATNVGDEGGFAPNILENK,2,NA,NA,L,D4,2,BM20230624_Ultra_IO25_200nl_30min2_ddaPASEF_230620_P4_1_D4_Slot1-1_1_1414,NA
sp|P06733|ENOA_HUMAN,DATNVGDEGGFAPNILENK,2,NA,NA,L,E2,3,BM20230624_Ultra_IO25_200nl_30min2_ddaPASEF_230620_P4_1_E2_Slot1-1_1_1354,NA
sp|P06733|ENOA_HUMAN,DATNVGDEGGFAPNILENK,2,NA,NA,L,E4,4,BM20230624_Ultra_IO25_200nl_30min2_ddaPASEF_230620_P4_1_E4_Slot1-1_1_1415,NA
sp|P06733|ENOA_HUMAN,DATNVGDEGGFAPNILENK,2,NA,NA,L,F2,5,BM20230624_Ultra_IO25_200nl_30min2_ddaPASEF_230620_P4_1_F2_Slot1-1_1_1355,7544.883
sp|P06733|ENOA_HUMAN,DATNVGDEGGFAPNILENK,2,NA,NA,L,F4,6,BM20230624_Ultra_IO25_200nl_30min2_ddaPASEF_230620_P4_1_F4_Slot1-1_1_1416,5709.909
sp|P06733|ENOA_HUMAN,DATNVGDEGGFAPNILENK,2,NA,NA,L,G2,7,BM20230624_Ultra_IO25_200nl_30min2_ddaPASEF_230620_P4_1_G2_Slot1-1_1_1356,8442.764
sp|P06733|ENOA_HUMAN,DATNVGDEGGFAPNILENK,2,NA,NA,L,G4,8,BM20230624_Ultra_IO25_200nl_30min2_ddaPASEF_230620_P4_1_G4_Slot1-1_1_1417,4148.2607
sp|P06733|ENOA_HUMAN,YISPDQLADLYK,2,NA,NA,L,D2,1,BM20230624_Ultra_IO25_200nl_30min2_ddaPASEF_230620_P4_1_D2_Slot1-1_1_1353,NA
sp|P06733|ENOA_HUMAN,YISPDQLADLYK,2,NA,NA,L,D4,2,BM20230624_Ultra_IO25_200nl_30min2_ddaPASEF_230620_P4_1_D4_Slot1-1_1_1414,NA
sp|P06733|ENOA_HUMAN,YISPDQLADLYK,2,NA,NA,L,E2,3,BM20230624_Ultra_IO25_200nl_30min2_ddaPASEF_230620_P4_1_E2_Slot1-1_1_1354,NA
sp|P06733|ENOA_HUMAN,YISPDQLADLYK,2,NA,NA,L,E4,4,BM20230624_Ultra_IO25_200nl_30min2_ddaPASEF_230620_P4_1_E4_Slot1-1_1_1415,NA
sp|P06733|ENOA_HUMAN,YISPDQLADLYK,2,NA,NA,L,F2,5,BM20230624_Ultra_IO25_200nl_30min2_ddaPASEF_230620_P4_1_F2_Slot1-1_1_1355,NA
sp|P06733|ENOA_HUMAN,YISPDQLADLYK,2,NA,NA,L,F4,6,BM20230624_Ultra_IO25_200nl_30min2_ddaPASEF_230620_P4_1_F4_Slot1-1_1_1416,8870.532
sp|P06733|ENOA_HUMAN,YISPDQLADLYK,2,NA,NA,L,G2,7,BM20230624_Ultra_IO25_200nl_30min2_ddaPASEF_230620_P4_1_G2_Slot1-1_1_1356,NA
sp|P06733|ENOA_HUMAN,YISPDQLADLYK,2,NA,NA,L,G4,8,BM20230624_Ultra_IO25_200nl_30min2_ddaPASEF_230620_P4_1_G4_Slot1-1_1_1417,6634.752
sp|P06899|H2B1J_HUMAN,ESYSIYVYK,2,NA,NA,L,D2,1,BM20230624_Ultra_IO25_200nl_30min2_ddaPASEF_230620_P4_1_D2_Slot1-1_1_1353,NA
sp|P06899|H2B1J_HUMAN,ESYSIYVYK,2,NA,NA,L,D4,2,BM20230624_Ultra_IO25_200nl_30min2_ddaPASEF_230620_P4_1_D4_Slot1-1_1_1414,NA
sp|P06899|H2B1J_HUMAN,ESYSIYVYK,2,NA,NA,L,E2,3,BM20230624_Ultra_IO25_200nl_30min2_ddaPASEF_230620_P4_1_E2_Slot1-1_1_1354,NA
sp|P06899|H2B1J_HUMAN,ESYSIYVYK,2,NA,NA,L,E4,4,BM20230624_Ultra_IO25_200nl_30min2_ddaPASEF_230620_P4_1_E4_Slot1-1_1_1415,NA
sp|P06899|H2B1J_HUMAN,ESYSIYVYK,2,NA,NA,L,F2,5,BM20230624_Ultra_IO25_200nl_30min2_ddaPASEF_230620_P4_1_F2_Slot1-1_1_1355,NA
sp|P06899|H2B1J_HUMAN,ESYSIYVYK,2,NA,NA,L,F4,6,BM20230624_Ultra_IO25_200nl_30min2_ddaPASEF_230620_P4_1_F4_Slot1-1_1_1416,10339.003
sp|P06899|H2B1J_HUMAN,ESYSIYVYK,2,NA,NA,L,G2,7,BM20230624_Ultra_IO25_200nl_30min2_ddaPASEF_230620_P4_1_G2_Slot1-1_1_1356,NA
sp|P06899|H2B1J_HUMAN,ESYSIYVYK,2,NA,NA,L,G4,8,BM20230624_Ultra_IO25_200nl_30min2_ddaPASEF_230620_P4_1_G4_Slot1-1_1_1417,4740.3506
sp|P07737|PROF1_HUMAN,DSLLQDGEFSM[15.9949]DLR,2,NA,NA,L,D2,1,BM20230624_Ultra_IO25_200nl_30min2_ddaPASEF_230620_P4_1_D2_Slot1-1_1_1353,NA
sp|P07737|PROF1_HUMAN,DSLLQDGEFSM[15.9949]DLR,2,NA,NA,L,D4,2,BM20230624_Ultra_IO25_200nl_30min2_ddaPASEF_230620_P4_1_D4_Slot1-1_1_1414,NA
sp|P07737|PROF1_HUMAN,DSLLQDGEFSM[15.9949]DLR,2,NA,NA,L,E2,3,BM20230624_Ultra_IO25_200nl_30min2_ddaPASEF_230620_P4_1_E2_Slot1-1_1_1354,NA
sp|P07737|PROF1_HUMAN,DSLLQDGEFSM[15.9949]DLR,2,NA,NA,L,E4,4,BM20230624_Ultra_IO25_200nl_30min2_ddaPASEF_230620_P4_1_E4_Slot1-1_1_1415,NA
sp|P07737|PROF1_HUMAN,DSLLQDGEFSM[15.9949]DLR,2,NA,NA,L,F2,5,BM20230624_Ultra_IO25_200nl_30min2_ddaPASEF_230620_P4_1_F2_Slot1-1_1_1355,6420.7773
sp|P07737|PROF1_HUMAN,DSLLQDGEFSM[15.9949]DLR,2,NA,NA,L,F4,6,BM20230624_Ultra_IO25_200nl_30min2_ddaPASEF_230620_P4_1_F4_Slot1-1_1_1416,NA
sp|P07737|PROF1_HUMAN,DSLLQDGEFSM[15.9949]DLR,2,NA,NA,L,G2,7,BM20230624_Ultra_IO25_200nl_30min2_ddaPASEF_230620_P4_1_G2_Slot1-1_1_1356,5990.908
sp|P07737|PROF1_HUMAN,DSLLQDGEFSM[15.9949]DLR,2,NA,NA,L,G4,8,BM20230624_Ultra_IO25_200nl_30min2_ddaPASEF_230620_P4_1_G4_Slot1-1_1_1417,2532.629
sp|P07737|PROF1_HUMAN,DSLLQDGEFSMDLR,2,NA,NA,L,D2,1,BM20230624_Ultra_IO25_200nl_30min2_ddaPASEF_230620_P4_1_D2_Slot1-1_1_1353,NA
sp|P07737|PROF1_HUMAN,DSLLQDGEFSMDLR,2,NA,NA,L,D4,2,BM20230624_Ultra_IO25_200nl_30min2_ddaPASEF_230620_P4_1_D4_Slot1-1_1_1414,NA
sp|P07737|PROF1_HUMAN,DSLLQDGEFSMDLR,2,NA,NA,L,E2,3,BM20230624_Ultra_IO25_200nl_30min2_ddaPASEF_230620_P4_1_E2_Slot1-1_1_1354,NA
sp|P07737|PROF1_HUMAN,DSLLQDGEFSMDLR,2,NA,NA,L,E4,4,BM20230624_Ultra_IO25_200nl_30min2_ddaPASEF_230620_P4_1_E4_Slot1-1_1_1415,NA
sp|P07737|PROF1_HUMAN,DSLLQDGEFSMDLR,2,NA,NA,L,F2,5,BM20230624_Ultra_IO25_200nl_30min2_ddaPASEF_230620_P4_1_F2_Slot1-1_1_1355,8584.069
sp|P07737|PROF1_HUMAN,DSLLQDGEFSMDLR,2,NA,NA,L,F4,6,BM20230624_Ultra_IO25_200nl_30min2_ddaPASEF_230620_P4_1_F4_Slot1-1_1_1416,6358.596
sp|P07737|PROF1_HUMAN,DSLLQDGEFSMDLR,2,NA,NA,L,G2,7,BM20230624_Ultra_IO25_200nl_30min2_ddaPASEF_230620_P4_1_G2_Slot1-1_1_1356,4205.7954
sp|P07737|PROF1_HUMAN,DSLLQDGEFSMDLR,2,NA,NA,L,G4,8,BM20230624_Ultra_IO25_200nl_30min2_ddaPASEF_230620_P4_1_G4_Slot1-1_1_1417,6792.854
sp|P07900|HS90A_HUMAN,NPDDITNEEYGEFYK,2,NA,NA,L,D2,1,BM20230624_Ultra_IO25_200nl_30min2_ddaPASEF_230620_P4_1_D2_Slot1-1_1_1353,NA
sp|P07900|HS90A_HUMAN,NPDDITNEEYGEFYK,2,NA,NA,L,D4,2,BM20230624_Ultra_IO25_200nl_30min2_ddaPASEF_230620_P4_1_D4_Slot1-1_1_1414,NA
sp|P07900|HS90A_HUMAN,NPDDITNEEYGEFYK,2,NA,NA,L,E2,3,BM20230624_Ultra_IO25_200nl_30min2_ddaPASEF_230620_P4_1_E2_Slot1-1_1_1354,NA
sp|P07900|HS90A_HUMAN,NPDDITNEEYGEFYK,2,NA,NA,L,E4,4,BM20230624_Ultra_IO25_200nl_30min2_ddaPASEF_230620_P4_1_E4_Slot1-1_1_1415,NA
sp|P07900|HS90A_HUMAN,NPDDITNEEYGEFYK,2,NA,NA,L,F2,5,BM20230624_Ultra_IO25_200nl_30min2_ddaPASEF_230620_P4_1_F2_Slot1-1_1_1355,NA
sp|P07900|HS90A_HUMAN,NPDDITNEEYGEFYK,2,NA,NA,L,F4,6,BM20230624_Ultra_IO25_200nl_30min2_ddaPASEF_230620_P4_1_F4_Slot1-1_1_1416,2431.6736
sp|P07900|HS90A_HUMAN,NPDDITNEEYGEFYK,2,NA,NA,L,G2,7,BM20230624_Ultra_IO25_200nl_30min2_ddaPASEF_230620_P4_1_G2_Slot1-1_1_1356,NA
sp|P07900|HS90A_HUMAN,NPDDITNEEYGEFYK,2,NA,NA,L,G4,8,BM20230624_Ultra_IO25_200nl_30min2_ddaPASEF_230620_P4_1_G4_Slot1-1_1_1417,NA
sp|P08238|HS90B_HUMAN,NPDDITQEEYGEFYK,2,NA,NA,L,D2,1,BM20230624_Ultra_IO25_200nl_30min2_ddaPASEF_230620_P4_1_D2_Slot1-1_1_1353,NA
sp|P08238|HS90B_HUMAN,NPDDITQEEYGEFYK,2,NA,NA,L,D4,2,BM20230624_Ultra_IO25_200nl_30min2_ddaPASEF_230620_P4_1_D4_Slot1-1_1_1414,NA
sp|P08238|HS90B_HUMAN,NPDDITQEEYGEFYK,2,NA,NA,L,E2,3,BM20230624_Ultra_IO25_200nl_30min2_ddaPASEF_230620_P4_1_E2_Slot1-1_1_1354,NA
sp|P08238|HS90B_HUMAN,NPDDITQEEYGEFYK,2,NA,NA,L,E4,4,BM20230624_Ultra_IO25_200nl_30min2_ddaPASEF_230620_P4_1_E4_Slot1-1_1_1415,2347.6128
sp|P08238|HS90B_HUMAN,NPDDITQEEYGEFYK,2,NA,NA,L,F2,5,BM20230624_Ultra_IO25_200nl_30min2_ddaPASEF_230620_P4_1_F2_Slot1-1_1_1355,NA
sp|P08238|HS90B_HUMAN,NPDDITQEEYGEFYK,2,NA,NA,L,F4,6,BM20230624_Ultra_IO25_200nl_30min2_ddaPASEF_230620_P4_1_F4_Slot1-1_1_1416,NA
sp|P08238|HS90B_HUMAN,NPDDITQEEYGEFYK,2,NA,NA,L,G2,7,BM20230624_Ultra_IO25_200nl_30min2_ddaPASEF_230620_P4_1_G2_Slot1-1_1_1356,NA
sp|P08238|HS90B_HUMAN,NPDDITQEEYGEFYK,2,NA,NA,L,G4,8,BM20230624_Ultra_IO25_200nl_30min2_ddaPASEF_230620_P4_1_G4_Slot1-1_1_1417,2916.3635
sp|P0DP23|CALM1_HUMAN,n[42.0106]ADQLTEEQIAEFK,2,NA,NA,L,D2,1,BM20230624_Ultra_IO25_200nl_30min2_ddaPASEF_230620_P4_1_D2_Slot1-1_1_1353,NA
sp|P0DP23|CALM1_HUMAN,n[42.0106]ADQLTEEQIAEFK,2,NA,NA,L,D4,2,BM20230624_Ultra_IO25_200nl_30min2_ddaPASEF_230620_P4_1_D4_Slot1-1_1_1414,NA
sp|P0DP23|CALM1_HUMAN,n[42.0106]ADQLTEEQIAEFK,2,NA,NA,L,E2,3,BM20230624_Ultra_IO25_200nl_30min2_ddaPASEF_230620_P4_1_E2_Slot1-1_1_1354,5156.139
sp|P0DP23|CALM1_HUMAN,n[42.0106]ADQLTEEQIAEFK,2,NA,NA,L,E4,4,BM20230624_Ultra_IO25_200nl_30min2_ddaPASEF_230620_P4_1_E4_Slot1-1_1_1415,NA
sp|P0DP23|CALM1_HUMAN,n[42.0106]ADQLTEEQIAEFK,2,NA,NA,L,F2,5,BM20230624_Ultra_IO25_200nl_30min2_ddaPASEF_230620_P4_1_F2_Slot1-1_1_1355,8120.245
sp|P0DP23|CALM1_HUMAN,n[42.0106]ADQLTEEQIAEFK,2,NA,NA,L,F4,6,BM20230624_Ultra_IO25_200nl_30min2_ddaPASEF_230620_P4_1_F4_Slot1-1_1_1416,NA
sp|P0DP23|CALM1_HUMAN,n[42.0106]ADQLTEEQIAEFK,2,NA,NA,L,G2,7,BM20230624_Ultra_IO25_200nl_30min2_ddaPASEF_230620_P4_1_G2_Slot1-1_1_1356,7631.9126
sp|P0DP23|CALM1_HUMAN,n[42.0106]ADQLTEEQIAEFK,2,NA,NA,L,G4,8,BM20230624_Ultra_IO25_200nl_30min2_ddaPASEF_230620_P4_1_G4_Slot1-1_1_1417,3403.3296
sp|P11142|HSP7C_HUMAN,FEELNADLFR,2,NA,NA,L,D2,1,BM20230624_Ultra_IO25_200nl_30min2_ddaPASEF_230620_P4_1_D2_Slot1-1_1_1353,NA
sp|P11142|HSP7C_HUMAN,FEELNADLFR,2,NA,NA,L,D4,2,BM20230624_Ultra_IO25_200nl_30min2_ddaPASEF_230620_P4_1_D4_Slot1-1_1_1414,NA
sp|P11142|HSP7C_HUMAN,FEELNADLFR,2,NA,NA,L,E2,3,BM20230624_Ultra_IO25_200nl_30min2_ddaPASEF_230620_P4_1_E2_Slot1-1_1_1354,NA
sp|P11142|HSP7C_HUMAN,FEELNADLFR,2,NA,NA,L,E4,4,BM20230624_Ultra_IO25_200nl_30min2_ddaPASEF_230620_P4_1_E4_Slot1-1_1_1415,NA
sp|P11142|HSP7C_HUMAN,FEELNADLFR,2,NA,NA,L,F2,5,BM20230624_Ultra_IO25_200nl_30min2_ddaPASEF_230620_P4_1_F2_Slot1-1_1_1355,NA
sp|P11142|HSP7C_HUMAN,FEELNADLFR,2,NA,NA,L,F4,6,BM20230624_Ultra_IO25_200nl_30min2_ddaPASEF_230620_P4_1_F4_Slot1-1_1_1416,NA
sp|P11142|HSP7C_HUMAN,FEELNADLFR,2,NA,NA,L,G2,7,BM20230624_Ultra_IO25_200nl_30min2_ddaPASEF_230620_P4_1_G2_Slot1-1_1_1356,NA
sp|P11142|HSP7C_HUMAN,FEELNADLFR,2,NA,NA,L,G4,8,BM20230624_Ultra_IO25_200nl_30min2_ddaPASEF_230620_P4_1_G4_Slot1-1_1_1417,1945.8151
sp|P11142|HSP7C_HUMAN,IINEPTAAAIAYGLDK,2,NA,NA,L,D2,1,BM20230624_Ultra_IO25_200nl_30min2_ddaPASEF_230620_P4_1_D2_Slot1-1_1_1353,NA
sp|P11142|HSP7C_HUMAN,IINEPTAAAIAYGLDK,2,NA,NA,L,D4,2,BM20230624_Ultra_IO25_200nl_30min2_ddaPASEF_230620_P4_1_D4_Slot1-1_1_1414,NA
sp|P11142|HSP7C_HUMAN,IINEPTAAAIAYGLDK,2,NA,NA,L,E2,3,BM20230624_Ultra_IO25_200nl_30min2_ddaPASEF_230620_P4_1_E2_Slot1-1_1_1354,NA
sp|P11142|HSP7C_HUMAN,IINEPTAAAIAYGLDK,2,NA,NA,L,E4,4,BM20230624_Ultra_IO25_200nl_30min2_ddaPASEF_230620_P4_1_E4_Slot1-1_1_1415,NA
sp|P11142|HSP7C_HUMAN,IINEPTAAAIAYGLDK,2,NA,NA,L,F2,5,BM20230624_Ultra_IO25_200nl_30min2_ddaPASEF_230620_P4_1_F2_Slot1-1_1_1355,NA
sp|P11142|HSP7C_HUMAN,IINEPTAAAIAYGLDK,2,NA,NA,L,F4,6,BM20230624_Ultra_IO25_200nl_30min2_ddaPASEF_230620_P4_1_F4_Slot1-1_1_1416,5317.3887
sp|P11142|HSP7C_HUMAN,IINEPTAAAIAYGLDK,2,NA,NA,L,G2,7,BM20230624_Ultra_IO25_200nl_30min2_ddaPASEF_230620_P4_1_G2_Slot1-1_1_1356,NA
sp|P11142|HSP7C_HUMAN,IINEPTAAAIAYGLDK,2,NA,NA,L,G4,8,BM20230624_Ultra_IO25_200nl_30min2_ddaPASEF_230620_P4_1_G4_Slot1-1_1_1417,4624.155
sp|P14618|KPYM_HUMAN,DPVQEAWAEDVDLR,2,NA,NA,L,D2,1,BM20230624_Ultra_IO25_200nl_30min2_ddaPASEF_230620_P4_1_D2_Slot1-1_1_1353,NA
sp|P14618|KPYM_HUMAN,DPVQEAWAEDVDLR,2,NA,NA,L,D4,2,BM20230624_Ultra_IO25_200nl_30min2_ddaPASEF_230620_P4_1_D4_Slot1-1_1_1414,NA
sp|P14618|KPYM_HUMAN,DPVQEAWAEDVDLR,2,NA,NA,L,E2,3,BM20230624_Ultra_IO25_200nl_30min2_ddaPASEF_230620_P4_1_E2_Slot1-1_1_1354,NA
sp|P14618|KPYM_HUMAN,DPVQEAWAEDVDLR,2,NA,NA,L,E4,4,BM20230624_Ultra_IO25_200nl_30min2_ddaPASEF_230620_P4_1_E4_Slot1-1_1_1415,NA
sp|P14618|KPYM_HUMAN,DPVQEAWAEDVDLR,2,NA,NA,L,F2,5,BM20230624_Ultra_IO25_200nl_30min2_ddaPASEF_230620_P4_1_F2_Slot1-1_1_1355,8982.211
sp|P14618|KPYM_HUMAN,DPVQEAWAEDVDLR,2,NA,NA,L,F4,6,BM20230624_Ultra_IO25_200nl_30min2_ddaPASEF_230620_P4_1_F4_Slot1-1_1_1416,4966.2607
sp|P14618|KPYM_HUMAN,DPVQEAWAEDVDLR,2,NA,NA,L,G2,7,BM20230624_Ultra_IO25_200nl_30min2_ddaPASEF_230620_P4_1_G2_Slot1-1_1_1356,5066.276
sp|P14618|KPYM_HUMAN,DPVQEAWAEDVDLR,2,NA,NA,L,G4,8,BM20230624_Ultra_IO25_200nl_30min2_ddaPASEF_230620_P4_1_G4_Slot1-1_1_1417,NA
sp|P22626|ROA2_HUMAN,GGNFGFGDSR,2,NA,NA,L,D2,1,BM20230624_Ultra_IO25_200nl_30min2_ddaPASEF_230620_P4_1_D2_Slot1-1_1_1353,20246.945
sp|P22626|ROA2_HUMAN,GGNFGFGDSR,2,NA,NA,L,D4,2,BM20230624_Ultra_IO25_200nl_30min2_ddaPASEF_230620_P4_1_D4_Slot1-1_1_1414,NA
sp|P22626|ROA2_HUMAN,GGNFGFGDSR,2,NA,NA,L,E2,3,BM20230624_Ultra_IO25_200nl_30min2_ddaPASEF_230620_P4_1_E2_Slot1-1_1_1354,NA
sp|P22626|ROA2_HUMAN,GGNFGFGDSR,2,NA,NA,L,E4,4,BM20230624_Ultra_IO25_200nl_30min2_ddaPASEF_230620_P4_1_E4_Slot1-1_1_1415,NA
sp|P22626|ROA2_HUMAN,GGNFGFGDSR,2,NA,NA,L,F2,5,BM20230624_Ultra_IO25_200nl_30min2_ddaPASEF_230620_P4_1_F2_Slot1-1_1_1355,NA
sp|P22626|ROA2_HUMAN,GGNFGFGDSR,2,NA,NA,L,F4,6,BM20230624_Ultra_IO25_200nl_30min2_ddaPASEF_230620_P4_1_F4_Slot1-1_1_1416,NA
sp|P22626|ROA2_HUMAN,GGNFGFGDSR,2,NA,NA,L,G2,7,BM20230624_Ultra_IO25_200nl_30min2_ddaPASEF_230620_P4_1_G2_Slot1-1_1_1356,NA
sp|P22626|ROA2_HUMAN,GGNFGFGDSR,2,NA,NA,L,G4,8,BM20230624_Ultra_IO25_200nl_30min2_ddaPASEF_230620_P4_1_G4_Slot1-1_1_1417,NA
sp|P22626|ROA2_HUMAN,IDTIEIITDR,2,NA,NA,L,D2,1,BM20230624_Ultra_IO25_200nl_30min2_ddaPASEF_230620_P4_1_D2_Slot1-1_1_1353,NA
sp|P22626|ROA2_HUMAN,IDTIEIITDR,2,NA,NA,L,D4,2,BM20230624_Ultra_IO25_200nl_30min2_ddaPASEF_230620_P4_1_D4_Slot1-1_1_1414,NA
sp|P22626|ROA2_HUMAN,IDTIEIITDR,2,NA,NA,L,E2,3,BM20230624_Ultra_IO25_200nl_30min2_ddaPASEF_230620_P4_1_E2_Slot1-1_1_1354,NA
sp|P22626|ROA2_HUMAN,IDTIEIITDR,2,NA,NA,L,E4,4,BM20230624_Ultra_IO25_200nl_30min2_ddaPASEF_230620_P4_1_E4_Slot1-1_1_1415,NA
sp|P22626|ROA2_HUMAN,IDTIEIITDR,2,NA,NA,L,F2,5,BM20230624_Ultra_IO25_200nl_30min2_ddaPASEF_230620_P4_1_F2_Slot1-1_1_1355,NA
sp|P22626|ROA2_HUMAN,IDTIEIITDR,2,NA,NA,L,F4,6,BM20230624_Ultra_IO25_200nl_30min2_ddaPASEF_230620_P4_1_F4_Slot1-1_1_1416,NA
sp|P22626|ROA2_HUMAN,IDTIEIITDR,2,NA,NA,L,G2,7,BM20230624_Ultra_IO25_200nl_30min2_ddaPASEF_230620_P4_1_G2_Slot1-1_1_1356,4342.0176
sp|P22626|ROA2_HUMAN,IDTIEIITDR,2,NA,NA,L,G4,8,BM20230624_Ultra_IO25_200nl_30min2_ddaPASEF_230620_P4_1_G4_Slot1-1_1_1417,2984.293
sp|P60709|ACTB_HUMAN,n[42.0106]DDDIAALVVDNGSGMC[57.0215]K,2,NA,NA,L,D2,1,BM20230624_Ultra_IO25_200nl_30min2_ddaPASEF_230620_P4_1_D2_Slot1-1_1_1353,NA
sp|P60709|ACTB_HUMAN,n[42.0106]DDDIAALVVDNGSGMC[57.0215]K,2,NA,NA,L,D4,2,BM20230624_Ultra_IO25_200nl_30min2_ddaPASEF_230620_P4_1_D4_Slot1-1_1_1414,NA
sp|P60709|ACTB_HUMAN,n[42.0106]DDDIAALVVDNGSGMC[57.0215]K,2,NA,NA,L,E2,3,BM20230624_Ultra_IO25_200nl_30min2_ddaPASEF_230620_P4_1_E2_Slot1-1_1_1354,NA
sp|P60709|ACTB_HUMAN,n[42.0106]DDDIAALVVDNGSGMC[57.0215]K,2,NA,NA,L,E4,4,BM20230624_Ultra_IO25_200nl_30min2_ddaPASEF_230620_P4_1_E4_Slot1-1_1_1415,9782.447
sp|P60709|ACTB_HUMAN,n[42.0106]DDDIAALVVDNGSGMC[57.0215]K,2,NA,NA,L,F2,5,BM20230624_Ultra_IO25_200nl_30min2_ddaPASEF_230620_P4_1_F2_Slot1-1_1_1355,13722.391
sp|P60709|ACTB_HUMAN,n[42.0106]DDDIAALVVDNGSGMC[57.0215]K,2,NA,NA,L,F4,6,BM20230624_Ultra_IO25_200nl_30min2_ddaPASEF_230620_P4_1_F4_Slot1-1_1_1416,12179.616
sp|P60709|ACTB_HUMAN,n[42.0106]DDDIAALVVDNGSGMC[57.0215]K,2,NA,NA,L,G2,7,BM20230624_Ultra_IO25_200nl_30min2_ddaPASEF_230620_P4_1_G2_Slot1-1_1_1356,12293.394
sp|P60709|ACTB_HUMAN,n[42.0106]DDDIAALVVDNGSGMC[57.0215]K,2,NA,NA,L,G4,8,BM20230624_Ultra_IO25_200nl_30min2_ddaPASEF_230620_P4_1_G4_Slot1-1_1_1417,13054.97
sp|P60709|ACTB_HUMAN,AVFPSIVGR,2,NA,NA,L,D2,1,BM20230624_Ultra_IO25_200nl_30min2_ddaPASEF_230620_P4_1_D2_Slot1-1_1_1353,NA
sp|P60709|ACTB_HUMAN,AVFPSIVGR,2,NA,NA,L,D4,2,BM20230624_Ultra_IO25_200nl_30min2_ddaPASEF_230620_P4_1_D4_Slot1-1_1_1414,18288.426
sp|P60709|ACTB_HUMAN,AVFPSIVGR,2,NA,NA,L,E2,3,BM20230624_Ultra_IO25_200nl_30min2_ddaPASEF_230620_P4_1_E2_Slot1-1_1_1354,27469.42
sp|P60709|ACTB_HUMAN,AVFPSIVGR,2,NA,NA,L,E4,4,BM20230624_Ultra_IO25_200nl_30min2_ddaPASEF_230620_P4_1_E4_Slot1-1_1_1415,NA
sp|P60709|ACTB_HUMAN,AVFPSIVGR,2,NA,NA,L,F2,5,BM20230624_Ultra_IO25_200nl_30min2_ddaPASEF_230620_P4_1_F2_Slot1-1_1_1355,NA
sp|P60709|ACTB_HUMAN,AVFPSIVGR,2,NA,NA,L,F4,6,BM20230624_Ultra_IO25_200nl_30min2_ddaPASEF_230620_P4_1_F4_Slot1-1_1_1416,25583.242
sp|P60709|ACTB_HUMAN,AVFPSIVGR,2,NA,NA,L,G2,7,BM20230624_Ultra_IO25_200nl_30min2_ddaPASEF_230620_P4_1_G2_Slot1-1_1_1356,NA
sp|P60709|ACTB_HUMAN,AVFPSIVGR,2,NA,NA,L,G4,8,BM20230624_Ultra_IO25_200nl_30min2_ddaPASEF_230620_P4_1_G4_Slot1-1_1_1417,25337.746
sp|P60709|ACTB_HUMAN,n[42.0106]DDDIAALVVDNGSGM[15.9949]C[57.0215]K,2,NA,NA,L,D2,1,BM20230624_Ultra_IO25_200nl_30min2_ddaPASEF_230620_P4_1_D2_Slot1-1_1_1353,NA
sp|P60709|ACTB_HUMAN,n[42.0106]DDDIAALVVDNGSGM[15.9949]C[57.0215]K,2,NA,NA,L,D4,2,BM20230624_Ultra_IO25_200nl_30min2_ddaPASEF_230620_P4_1_D4_Slot1-1_1_1414,NA
sp|P60709|ACTB_HUMAN,n[42.0106]DDDIAALVVDNGSGM[15.9949]C[57.0215]K,2,NA,NA,L,E2,3,BM20230624_Ultra_IO25_200nl_30min2_ddaPASEF_230620_P4_1_E2_Slot1-1_1_1354,NA
sp|P60709|ACTB_HUMAN,n[42.0106]DDDIAALVVDNGSGM[15.9949]C[57.0215]K,2,NA,NA,L,E4,4,BM20230624_Ultra_IO25_200nl_30min2_ddaPASEF_230620_P4_1_E4_Slot1-1_1_1415,5057.721
sp|P60709|ACTB_HUMAN,n[42.0106]DDDIAALVVDNGSGM[15.9949]C[57.0215]K,2,NA,NA,L,F2,5,BM20230624_Ultra_IO25_200nl_30min2_ddaPASEF_230620_P4_1_F2_Slot1-1_1_1355,13767.07
sp|P60709|ACTB_HUMAN,n[42.0106]DDDIAALVVDNGSGM[15.9949]C[57.0215]K,2,NA,NA,L,F4,6,BM20230624_Ultra_IO25_200nl_30min2_ddaPASEF_230620_P4_1_F4_Slot1-1_1_1416,7915.0547
sp|P60709|ACTB_HUMAN,n[42.0106]DDDIAALVVDNGSGM[15.9949]C[57.0215]K,2,NA,NA,L,G2,7,BM20230624_Ultra_IO25_200nl_30min2_ddaPASEF_230620_P4_1_G2_Slot1-1_1_1356,14328.092
sp|P60709|ACTB_HUMAN,n[42.0106]DDDIAALVVDNGSGM[15.9949]C[57.0215]K,2,NA,NA,L,G4,8,BM20230624_Ultra_IO25_200nl_30min2_ddaPASEF_230620_P4_1_G4_Slot1-1_1_1417,NA
sp|P60709|ACTB_HUMAN,DLTDYLMK,2,NA,NA,L,D2,1,BM20230624_Ultra_IO25_200nl_30min2_ddaPASEF_230620_P4_1_D2_Slot1-1_1_1353,NA
sp|P60709|ACTB_HUMAN,DLTDYLMK,2,NA,NA,L,D4,2,BM20230624_Ultra_IO25_200nl_30min2_ddaPASEF_230620_P4_1_D4_Slot1-1_1_1414,13581.68
sp|P60709|ACTB_HUMAN,DLTDYLMK,2,NA,NA,L,E2,3,BM20230624_Ultra_IO25_200nl_30min2_ddaPASEF_230620_P4_1_E2_Slot1-1_1_1354,17701.924
sp|P60709|ACTB_HUMAN,DLTDYLMK,2,NA,NA,L,E4,4,BM20230624_Ultra_IO25_200nl_30min2_ddaPASEF_230620_P4_1_E4_Slot1-1_1_1415,NA
sp|P60709|ACTB_HUMAN,DLTDYLMK,2,NA,NA,L,F2,5,BM20230624_Ultra_IO25_200nl_30min2_ddaPASEF_230620_P4_1_F2_Slot1-1_1_1355,NA
sp|P60709|ACTB_HUMAN,DLTDYLMK,2,NA,NA,L,F4,6,BM20230624_Ultra_IO25_200nl_30min2_ddaPASEF_230620_P4_1_F4_Slot1-1_1_1416,22805.861
sp|P60709|ACTB_HUMAN,DLTDYLMK,2,NA,NA,L,G2,7,BM20230624_Ultra_IO25_200nl_30min2_ddaPASEF_230620_P4_1_G2_Slot1-1_1_1356,20391.83
sp|P60709|ACTB_HUMAN,DLTDYLMK,2,NA,NA,L,G4,8,BM20230624_Ultra_IO25_200nl_30min2_ddaPASEF_230620_P4_1_G4_Slot1-1_1_1417,25214.855
sp|P60709|ACTB_HUMAN,DLTDYLM[15.9949]K,2,NA,NA,L,D2,1,BM20230624_Ultra_IO25_200nl_30min2_ddaPASEF_230620_P4_1_D2_Slot1-1_1_1353,NA
sp|P60709|ACTB_HUMAN,DLTDYLM[15.9949]K,2,NA,NA,L,D4,2,BM20230624_Ultra_IO25_200nl_30min2_ddaPASEF_230620_P4_1_D4_Slot1-1_1_1414,8572.262
sp|P60709|ACTB_HUMAN,DLTDYLM[15.9949]K,2,NA,NA,L,E2,3,BM20230624_Ultra_IO25_200nl_30min2_ddaPASEF_230620_P4_1_E2_Slot1-1_1_1354,18348.672
sp|P60709|ACTB_HUMAN,DLTDYLM[15.9949]K,2,NA,NA,L,E4,4,BM20230624_Ultra_IO25_200nl_30min2_ddaPASEF_230620_P4_1_E4_Slot1-1_1_1415,NA
sp|P60709|ACTB_HUMAN,DLTDYLM[15.9949]K,2,NA,NA,L,F2,5,BM20230624_Ultra_IO25_200nl_30min2_ddaPASEF_230620_P4_1_F2_Slot1-1_1_1355,NA
sp|P60709|ACTB_HUMAN,DLTDYLM[15.9949]K,2,NA,NA,L,F4,6,BM20230624_Ultra_IO25_200nl_30min2_ddaPASEF_230620_P4_1_F4_Slot1-1_1_1416,9232.917
sp|P60709|ACTB_HUMAN,DLTDYLM[15.9949]K,2,NA,NA,L,G2,7,BM20230624_Ultra_IO25_200nl_30min2_ddaPASEF_230620_P4_1_G2_Slot1-1_1_1356,20416.234
sp|P60709|ACTB_HUMAN,DLTDYLM[15.9949]K,2,NA,NA,L,G4,8,BM20230624_Ultra_IO25_200nl_30min2_ddaPASEF_230620_P4_1_G4_Slot1-1_1_1417,10165.364
sp|P60709|ACTB_HUMAN,DLYANTVLSGGTTMYPGIADR,2,NA,NA,L,D2,1,BM20230624_Ultra_IO25_200nl_30min2_ddaPASEF_230620_P4_1_D2_Slot1-1_1_1353,NA
sp|P60709|ACTB_HUMAN,DLYANTVLSGGTTMYPGIADR,2,NA,NA,L,D4,2,BM20230624_Ultra_IO25_200nl_30min2_ddaPASEF_230620_P4_1_D4_Slot1-1_1_1414,NA
sp|P60709|ACTB_HUMAN,DLYANTVLSGGTTMYPGIADR,2,NA,NA,L,E2,3,BM20230624_Ultra_IO25_200nl_30min2_ddaPASEF_230620_P4_1_E2_Slot1-1_1_1354,NA
sp|P60709|ACTB_HUMAN,DLYANTVLSGGTTMYPGIADR,2,NA,NA,L,E4,4,BM20230624_Ultra_IO25_200nl_30min2_ddaPASEF_230620_P4_1_E4_Slot1-1_1_1415,NA
sp|P60709|ACTB_HUMAN,DLYANTVLSGGTTMYPGIADR,2,NA,NA,L,F2,5,BM20230624_Ultra_IO25_200nl_30min2_ddaPASEF_230620_P4_1_F2_Slot1-1_1_1355,11163.902
sp|P60709|ACTB_HUMAN,DLYANTVLSGGTTMYPGIADR,2,NA,NA,L,F4,6,BM20230624_Ultra_IO25_200nl_30min2_ddaPASEF_230620_P4_1_F4_Slot1-1_1_1416,15381.827
sp|P60709|ACTB_HUMAN,DLYANTVLSGGTTMYPGIADR,2,NA,NA,L,G2,7,BM20230624_Ultra_IO25_200nl_30min2_ddaPASEF_230620_P4_1_G2_Slot1-1_1_1356,NA
sp|P60709|ACTB_HUMAN,DLYANTVLSGGTTMYPGIADR,2,NA,NA,L,G4,8,BM20230624_Ultra_IO25_200nl_30min2_ddaPASEF_230620_P4_1_G4_Slot1-1_1_1417,9390.989
sp|P60709|ACTB_HUMAN,DLYANTVLSGGTTMYPGIADR,3,NA,NA,L,D2,1,BM20230624_Ultra_IO25_200nl_30min2_ddaPASEF_230620_P4_1_D2_Slot1-1_1_1353,NA
sp|P60709|ACTB_HUMAN,DLYANTVLSGGTTMYPGIADR,3,NA,NA,L,D4,2,BM20230624_Ultra_IO25_200nl_30min2_ddaPASEF_230620_P4_1_D4_Slot1-1_1_1414,4727.9473
sp|P60709|ACTB_HUMAN,DLYANTVLSGGTTMYPGIADR,3,NA,NA,L,E2,3,BM20230624_Ultra_IO25_200nl_30min2_ddaPASEF_230620_P4_1_E2_Slot1-1_1_1354,NA
sp|P60709|ACTB_HUMAN,DLYANTVLSGGTTMYPGIADR,3,NA,NA,L,E4,4,BM20230624_Ultra_IO25_200nl_30min2_ddaPASEF_230620_P4_1_E4_Slot1-1_1_1415,NA
sp|P60709|ACTB_HUMAN,DLYANTVLSGGTTMYPGIADR,3,NA,NA,L,F2,5,BM20230624_Ultra_IO25_200nl_30min2_ddaPASEF_230620_P4_1_F2_Slot1-1_1_1355,NA
sp|P60709|ACTB_HUMAN,DLYANTVLSGGTTMYPGIADR,3,NA,NA,L,F4,6,BM20230624_Ultra_IO25_200nl_30min2_ddaPASEF_230620_P4_1_F4_Slot1-1_1_1416,7067.3877
sp|P60709|ACTB_HUMAN,DLYANTVLSGGTTMYPGIADR,3,NA,NA,L,G2,7,BM20230624_Ultra_IO25_200nl_30min2_ddaPASEF_230620_P4_1_G2_Slot1-1_1_1356,NA
sp|P60709|ACTB_HUMAN,DLYANTVLSGGTTMYPGIADR,3,NA,NA,L,G4,8,BM20230624_Ultra_IO25_200nl_30min2_ddaPASEF_230620_P4_1_G4_Slot1-1_1_1417,NA
sp|P60709|ACTB_HUMAN,DLYANTVLSGGTTM[15.9949]YPGIADR,2,NA,NA,L,D2,1,BM20230624_Ultra_IO25_200nl_30min2_ddaPASEF_230620_P4_1_D2_Slot1-1_1_1353,NA
sp|P60709|ACTB_HUMAN,DLYANTVLSGGTTM[15.9949]YPGIADR,2,NA,NA,L,D4,2,BM20230624_Ultra_IO25_200nl_30min2_ddaPASEF_230620_P4_1_D4_Slot1-1_1_1414,NA
sp|P60709|ACTB_HUMAN,DLYANTVLSGGTTM[15.9949]YPGIADR,2,NA,NA,L,E2,3,BM20230624_Ultra_IO25_200nl_30min2_ddaPASEF_230620_P4_1_E2_Slot1-1_1_1354,NA
sp|P60709|ACTB_HUMAN,DLYANTVLSGGTTM[15.9949]YPGIADR,2,NA,NA,L,E4,4,BM20230624_Ultra_IO25_200nl_30min2_ddaPASEF_230620_P4_1_E4_Slot1-1_1_1415,NA
sp|P60709|ACTB_HUMAN,DLYANTVLSGGTTM[15.9949]YPGIADR,2,NA,NA,L,F2,5,BM20230624_Ultra_IO25_200nl_30min2_ddaPASEF_230620_P4_1_F2_Slot1-1_1_1355,16770.533
sp|P60709|ACTB_HUMAN,DLYANTVLSGGTTM[15.9949]YPGIADR,2,NA,NA,L,F4,6,BM20230624_Ultra_IO25_200nl_30min2_ddaPASEF_230620_P4_1_F4_Slot1-1_1_1416,NA
sp|P60709|ACTB_HUMAN,DLYANTVLSGGTTM[15.9949]YPGIADR,2,NA,NA,L,G2,7,BM20230624_Ultra_IO25_200nl_30min2_ddaPASEF_230620_P4_1_G2_Slot1-1_1_1356,15140.368
sp|P60709|ACTB_HUMAN,DLYANTVLSGGTTM[15.9949]YPGIADR,2,NA,NA,L,G4,8,BM20230624_Ultra_IO25_200nl_30min2_ddaPASEF_230620_P4_1_G4_Slot1-1_1_1417,NA
sp|P60709|ACTB_HUMAN,SYELPDGQVITIGNER,2,NA,NA,L,D2,1,BM20230624_Ultra_IO25_200nl_30min2_ddaPASEF_230620_P4_1_D2_Slot1-1_1_1353,NA
sp|P60709|ACTB_HUMAN,SYELPDGQVITIGNER,2,NA,NA,L,D4,2,BM20230624_Ultra_IO25_200nl_30min2_ddaPASEF_230620_P4_1_D4_Slot1-1_1_1414,16784.324
sp|P60709|ACTB_HUMAN,SYELPDGQVITIGNER,2,NA,NA,L,E2,3,BM20230624_Ultra_IO25_200nl_30min2_ddaPASEF_230620_P4_1_E2_Slot1-1_1_1354,NA
sp|P60709|ACTB_HUMAN,SYELPDGQVITIGNER,2,NA,NA,L,E4,4,BM20230624_Ultra_IO25_200nl_30min2_ddaPASEF_230620_P4_1_E4_Slot1-1_1_1415,26549.96
sp|P60709|ACTB_HUMAN,SYELPDGQVITIGNER,2,NA,NA,L,F2,5,BM20230624_Ultra_IO25_200nl_30min2_ddaPASEF_230620_P4_1_F2_Slot1-1_1_1355,38796.01
sp|P60709|ACTB_HUMAN,SYELPDGQVITIGNER,2,NA,NA,L,F4,6,BM20230624_Ultra_IO25_200nl_30min2_ddaPASEF_230620_P4_1_F4_Slot1-1_1_1416,35450.46
sp|P60709|ACTB_HUMAN,SYELPDGQVITIGNER,2,NA,NA,L,G2,7,BM20230624_Ultra_IO25_200nl_30min2_ddaPASEF_230620_P4_1_G2_Slot1-1_1_1356,36829.94
sp|P60709|ACTB_HUMAN,SYELPDGQVITIGNER,2,NA,NA,L,G4,8,BM20230624_Ultra_IO25_200nl_30min2_ddaPASEF_230620_P4_1_G4_Slot1-1_1_1417,35861.1
sp|P60709|ACTB_HUMAN,GYSFTTTAER,2,NA,NA,L,D2,1,BM20230624_Ultra_IO25_200nl_30min2_ddaPASEF_230620_P4_1_D2_Slot1-1_1_1353,12419.648
sp|P60709|ACTB_HUMAN,GYSFTTTAER,2,NA,NA,L,D4,2,BM20230624_Ultra_IO25_200nl_30min2_ddaPASEF_230620_P4_1_D4_Slot1-1_1_1414,8307.809
sp|P60709|ACTB_HUMAN,GYSFTTTAER,2,NA,NA,L,E2,3,BM20230624_Ultra_IO25_200nl_30min2_ddaPASEF_230620_P4_1_E2_Slot1-1_1_1354,9649.968
sp|P60709|ACTB_HUMAN,GYSFTTTAER,2,NA,NA,L,E4,4,BM20230624_Ultra_IO25_200nl_30min2_ddaPASEF_230620_P4_1_E4_Slot1-1_1_1415,8084.3804
sp|P60709|ACTB_HUMAN,GYSFTTTAER,2,NA,NA,L,F2,5,BM20230624_Ultra_IO25_200nl_30min2_ddaPASEF_230620_P4_1_F2_Slot1-1_1_1355,12320.676
sp|P60709|ACTB_HUMAN,GYSFTTTAER,2,NA,NA,L,F4,6,BM20230624_Ultra_IO25_200nl_30min2_ddaPASEF_230620_P4_1_F4_Slot1-1_1_1416,7926.872
sp|P60709|ACTB_HUMAN,GYSFTTTAER,2,NA,NA,L,G2,7,BM20230624_Ultra_IO25_200nl_30min2_ddaPASEF_230620_P4_1_G2_Slot1-1_1_1356,12259.299
sp|P60709|ACTB_HUMAN,GYSFTTTAER,2,NA,NA,L,G4,8,BM20230624_Ultra_IO25_200nl_30min2_ddaPASEF_230620_P4_1_G4_Slot1-1_1_1417,8463.594
sp|P60709|ACTB_HUMAN,VAPEEHPVLLTEAPLNPK,3,NA,NA,L,D2,1,BM20230624_Ultra_IO25_200nl_30min2_ddaPASEF_230620_P4_1_D2_Slot1-1_1_1353,NA
sp|P60709|ACTB_HUMAN,VAPEEHPVLLTEAPLNPK,3,NA,NA,L,D4,2,BM20230624_Ultra_IO25_200nl_30min2_ddaPASEF_230620_P4_1_D4_Slot1-1_1_1414,NA
sp|P60709|ACTB_HUMAN,VAPEEHPVLLTEAPLNPK,3,NA,NA,L,E2,3,BM20230624_Ultra_IO25_200nl_30min2_ddaPASEF_230620_P4_1_E2_Slot1-1_1_1354,NA
sp|P60709|ACTB_HUMAN,VAPEEHPVLLTEAPLNPK,3,NA,NA,L,E4,4,BM20230624_Ultra_IO25_200nl_30min2_ddaPASEF_230620_P4_1_E4_Slot1-1_1_1415,NA
sp|P60709|ACTB_HUMAN,VAPEEHPVLLTEAPLNPK,3,NA,NA,L,F2,5,BM20230624_Ultra_IO25_200nl_30min2_ddaPASEF_230620_P4_1_F2_Slot1-1_1_1355,NA
sp|P60709|ACTB_HUMAN,VAPEEHPVLLTEAPLNPK,3,NA,NA,L,F4,6,BM20230624_Ultra_IO25_200nl_30min2_ddaPASEF_230620_P4_1_F4_Slot1-1_1_1416,12258.389
sp|P60709|ACTB_HUMAN,VAPEEHPVLLTEAPLNPK,3,NA,NA,L,G2,7,BM20230624_Ultra_IO25_200nl_30min2_ddaPASEF_230620_P4_1_G2_Slot1-1_1_1356,13745.422
sp|P60709|ACTB_HUMAN,VAPEEHPVLLTEAPLNPK,3,NA,NA,L,G4,8,BM20230624_Ultra_IO25_200nl_30min2_ddaPASEF_230620_P4_1_G4_Slot1-1_1_1417,NA
sp|P60709|ACTB_HUMAN,IWHHTFYNELR,2,NA,NA,L,D2,1,BM20230624_Ultra_IO25_200nl_30min2_ddaPASEF_230620_P4_1_D2_Slot1-1_1_1353,NA
sp|P60709|ACTB_HUMAN,IWHHTFYNELR,2,NA,NA,L,D4,2,BM20230624_Ultra_IO25_200nl_30min2_ddaPASEF_230620_P4_1_D4_Slot1-1_1_1414,NA
sp|P60709|ACTB_HUMAN,IWHHTFYNELR,2,NA,NA,L,E2,3,BM20230624_Ultra_IO25_200nl_30min2_ddaPASEF_230620_P4_1_E2_Slot1-1_1_1354,NA
sp|P60709|ACTB_HUMAN,IWHHTFYNELR,2,NA,NA,L,E4,4,BM20230624_Ultra_IO25_200nl_30min2_ddaPASEF_230620_P4_1_E4_Slot1-1_1_1415,NA
sp|P60709|ACTB_HUMAN,IWHHTFYNELR,2,NA,NA,L,F2,5,BM20230624_Ultra_IO25_200nl_30min2_ddaPASEF_230620_P4_1_F2_Slot1-1_1_1355,NA
sp|P60709|ACTB_HUMAN,IWHHTFYNELR,2,NA,NA,L,F4,6,BM20230624_Ultra_IO25_200nl_30min2_ddaPASEF_230620_P4_1_F4_Slot1-1_1_1416,NA
sp|P60709|ACTB_HUMAN,IWHHTFYNELR,2,NA,NA,L,G2,7,BM20230624_Ultra_IO25_200nl_30min2_ddaPASEF_230620_P4_1_G2_Slot1-1_1_1356,17820.385
sp|P60709|ACTB_HUMAN,IWHHTFYNELR,2,NA,NA,L,G4,8,BM20230624_Ultra_IO25_200nl_30min2_ddaPASEF_230620_P4_1_G4_Slot1-1_1_1417,NA
sp|P60709|ACTB_HUMAN,IWHHTFYNELR,3,NA,NA,L,D2,1,BM20230624_Ultra_IO25_200nl_30min2_ddaPASEF_230620_P4_1_D2_Slot1-1_1_1353,NA
sp|P60709|ACTB_HUMAN,IWHHTFYNELR,3,NA,NA,L,D4,2,BM20230624_Ultra_IO25_200nl_30min2_ddaPASEF_230620_P4_1_D4_Slot1-1_1_1414,11333.642
sp|P60709|ACTB_HUMAN,IWHHTFYNELR,3,NA,NA,L,E2,3,BM20230624_Ultra_IO25_200nl_30min2_ddaPASEF_230620_P4_1_E2_Slot1-1_1_1354,47205.453
sp|P60709|ACTB_HUMAN,IWHHTFYNELR,3,NA,NA,L,E4,4,BM20230624_Ultra_IO25_200nl_30min2_ddaPASEF_230620_P4_1_E4_Slot1-1_1_1415,NA
sp|P60709|ACTB_HUMAN,IWHHTFYNELR,3,NA,NA,L,F2,5,BM20230624_Ultra_IO25_200nl_30min2_ddaPASEF_230620_P4_1_F2_Slot1-1_1_1355,NA
sp|P60709|ACTB_HUMAN,IWHHTFYNELR,3,NA,NA,L,F4,6,BM20230624_Ultra_IO25_200nl_30min2_ddaPASEF_230620_P4_1_F4_Slot1-1_1_1416,10398.3125
sp|P60709|ACTB_HUMAN,IWHHTFYNELR,3,NA,NA,L,G2,7,BM20230624_Ultra_IO25_200nl_30min2_ddaPASEF_230620_P4_1_G2_Slot1-1_1_1356,102022.86
sp|P60709|ACTB_HUMAN,IWHHTFYNELR,3,NA,NA,L,G4,8,BM20230624_Ultra_IO25_200nl_30min2_ddaPASEF_230620_P4_1_G4_Slot1-1_1_1417,NA
sp|P62805|H4_HUMAN,TVTAMDVVYALK,2,NA,NA,L,D2,1,BM20230624_Ultra_IO25_200nl_30min2_ddaPASEF_230620_P4_1_D2_Slot1-1_1_1353,NA
sp|P62805|H4_HUMAN,TVTAMDVVYALK,2,NA,NA,L,D4,2,BM20230624_Ultra_IO25_200nl_30min2_ddaPASEF_230620_P4_1_D4_Slot1-1_1_1414,8066.629
sp|P62805|H4_HUMAN,TVTAMDVVYALK,2,NA,NA,L,E2,3,BM20230624_Ultra_IO25_200nl_30min2_ddaPASEF_230620_P4_1_E2_Slot1-1_1_1354,NA
sp|P62805|H4_HUMAN,TVTAMDVVYALK,2,NA,NA,L,E4,4,BM20230624_Ultra_IO25_200nl_30min2_ddaPASEF_230620_P4_1_E4_Slot1-1_1_1415,9442.884
sp|P62805|H4_HUMAN,TVTAMDVVYALK,2,NA,NA,L,F2,5,BM20230624_Ultra_IO25_200nl_30min2_ddaPASEF_230620_P4_1_F2_Slot1-1_1_1355,16927.963
sp|P62805|H4_HUMAN,TVTAMDVVYALK,2,NA,NA,L,F4,6,BM20230624_Ultra_IO25_200nl_30min2_ddaPASEF_230620_P4_1_F4_Slot1-1_1_1416,18090.986
sp|P62805|H4_HUMAN,TVTAMDVVYALK,2,NA,NA,L,G2,7,BM20230624_Ultra_IO25_200nl_30min2_ddaPASEF_230620_P4_1_G2_Slot1-1_1_1356,NA
sp|P62805|H4_HUMAN,TVTAMDVVYALK,2,NA,NA,L,G4,8,BM20230624_Ultra_IO25_200nl_30min2_ddaPASEF_230620_P4_1_G4_Slot1-1_1_1417,13765.864
sp|P62805|H4_HUMAN,TVTAM[15.9949]DVVYALK,2,NA,NA,L,D2,1,BM20230624_Ultra_IO25_200nl_30min2_ddaPASEF_230620_P4_1_D2_Slot1-1_1_1353,NA
sp|P62805|H4_HUMAN,TVTAM[15.9949]DVVYALK,2,NA,NA,L,D4,2,BM20230624_Ultra_IO25_200nl_30min2_ddaPASEF_230620_P4_1_D4_Slot1-1_1_1414,NA
sp|P62805|H4_HUMAN,TVTAM[15.9949]DVVYALK,2,NA,NA,L,E2,3,BM20230624_Ultra_IO25_200nl_30min2_ddaPASEF_230620_P4_1_E2_Slot1-1_1_1354,NA
sp|P62805|H4_HUMAN,TVTAM[15.9949]DVVYALK,2,NA,NA,L,E4,4,BM20230624_Ultra_IO25_200nl_30min2_ddaPASEF_230620_P4_1_E4_Slot1-1_1_1415,NA
sp|P62805|H4_HUMAN,TVTAM[15.9949]DVVYALK,2,NA,NA,L,F2,5,BM20230624_Ultra_IO25_200nl_30min2_ddaPASEF_230620_P4_1_F2_Slot1-1_1_1355,11572.199
sp|P62805|H4_HUMAN,TVTAM[15.9949]DVVYALK,2,NA,NA,L,F4,6,BM20230624_Ultra_IO25_200nl_30min2_ddaPASEF_230620_P4_1_F4_Slot1-1_1_1416,6106.342
sp|P62805|H4_HUMAN,TVTAM[15.9949]DVVYALK,2,NA,NA,L,G2,7,BM20230624_Ultra_IO25_200nl_30min2_ddaPASEF_230620_P4_1_G2_Slot1-1_1_1356,9246.328
sp|P62805|H4_HUMAN,TVTAM[15.9949]DVVYALK,2,NA,NA,L,G4,8,BM20230624_Ultra_IO25_200nl_30min2_ddaPASEF_230620_P4_1_G4_Slot1-1_1_1417,NA
sp|P62805|H4_HUMAN,VFLENVIR,2,NA,NA,L,D2,1,BM20230624_Ultra_IO25_200nl_30min2_ddaPASEF_230620_P4_1_D2_Slot1-1_1_1353,NA
sp|P62805|H4_HUMAN,VFLENVIR,2,NA,NA,L,D4,2,BM20230624_Ultra_IO25_200nl_30min2_ddaPASEF_230620_P4_1_D4_Slot1-1_1_1414,14748.049
sp|P62805|H4_HUMAN,VFLENVIR,2,NA,NA,L,E2,3,BM20230624_Ultra_IO25_200nl_30min2_ddaPASEF_230620_P4_1_E2_Slot1-1_1_1354,31263.035
sp|P62805|H4_HUMAN,VFLENVIR,2,NA,NA,L,E4,4,BM20230624_Ultra_IO25_200nl_30min2_ddaPASEF_230620_P4_1_E4_Slot1-1_1_1415,NA
sp|P62805|H4_HUMAN,VFLENVIR,2,NA,NA,L,F2,5,BM20230624_Ultra_IO25_200nl_30min2_ddaPASEF_230620_P4_1_F2_Slot1-1_1_1355,NA
sp|P62805|H4_HUMAN,VFLENVIR,2,NA,NA,L,F4,6,BM20230624_Ultra_IO25_200nl_30min2_ddaPASEF_230620_P4_1_F4_Slot1-1_1_1416,20950.258
sp|P62805|H4_HUMAN,VFLENVIR,2,NA,NA,L,G2,7,BM20230624_Ultra_IO25_200nl_30min2_ddaPASEF_230620_P4_1_G2_Slot1-1_1_1356,NA
sp|P62805|H4_HUMAN,VFLENVIR,2,NA,NA,L,G4,8,BM20230624_Ultra_IO25_200nl_30min2_ddaPASEF_230620_P4_1_G4_Slot1-1_1_1417,18746.084
sp|P62805|H4_HUMAN,ISGLIYEETR,2,NA,NA,L,D2,1,BM20230624_Ultra_IO25_200nl_30min2_ddaPASEF_230620_P4_1_D2_Slot1-1_1_1353,NA
sp|P62805|H4_HUMAN,ISGLIYEETR,2,NA,NA,L,D4,2,BM20230624_Ultra_IO25_200nl_30min2_ddaPASEF_230620_P4_1_D4_Slot1-1_1_1414,NA
sp|P62805|H4_HUMAN,ISGLIYEETR,2,NA,NA,L,E2,3,BM20230624_Ultra_IO25_200nl_30min2_ddaPASEF_230620_P4_1_E2_Slot1-1_1_1354,20788.162
sp|P62805|H4_HUMAN,ISGLIYEETR,2,NA,NA,L,E4,4,BM20230624_Ultra_IO25_200nl_30min2_ddaPASEF_230620_P4_1_E4_Slot1-1_1_1415,13918.761
sp|P62805|H4_HUMAN,ISGLIYEETR,2,NA,NA,L,F2,5,BM20230624_Ultra_IO25_200nl_30min2_ddaPASEF_230620_P4_1_F2_Slot1-1_1_1355,23938.504
sp|P62805|H4_HUMAN,ISGLIYEETR,2,NA,NA,L,F4,6,BM20230624_Ultra_IO25_200nl_30min2_ddaPASEF_230620_P4_1_F4_Slot1-1_1_1416,11687.221
sp|P62805|H4_HUMAN,ISGLIYEETR,2,NA,NA,L,G2,7,BM20230624_Ultra_IO25_200nl_30min2_ddaPASEF_230620_P4_1_G2_Slot1-1_1_1356,22070.309
sp|P62805|H4_HUMAN,ISGLIYEETR,2,NA,NA,L,G4,8,BM20230624_Ultra_IO25_200nl_30min2_ddaPASEF_230620_P4_1_G4_Slot1-1_1_1417,11424.718
sp|P63261|ACTG_HUMAN,n[42.0106]EEEIAALVIDNGSGMC[57.0215]K,2,NA,NA,L,D2,1,BM20230624_Ultra_IO25_200nl_30min2_ddaPASEF_230620_P4_1_D2_Slot1-1_1_1353,NA
sp|P63261|ACTG_HUMAN,n[42.0106]EEEIAALVIDNGSGMC[57.0215]K,2,NA,NA,L,D4,2,BM20230624_Ultra_IO25_200nl_30min2_ddaPASEF_230620_P4_1_D4_Slot1-1_1_1414,NA
sp|P63261|ACTG_HUMAN,n[42.0106]EEEIAALVIDNGSGMC[57.0215]K,2,NA,NA,L,E2,3,BM20230624_Ultra_IO25_200nl_30min2_ddaPASEF_230620_P4_1_E2_Slot1-1_1_1354,NA
sp|P63261|ACTG_HUMAN,n[42.0106]EEEIAALVIDNGSGMC[57.0215]K,2,NA,NA,L,E4,4,BM20230624_Ultra_IO25_200nl_30min2_ddaPASEF_230620_P4_1_E4_Slot1-1_1_1415,NA
sp|P63261|ACTG_HUMAN,n[42.0106]EEEIAALVIDNGSGMC[57.0215]K,2,NA,NA,L,F2,5,BM20230624_Ultra_IO25_200nl_30min2_ddaPASEF_230620_P4_1_F2_Slot1-1_1_1355,NA
sp|P63261|ACTG_HUMAN,n[42.0106]EEEIAALVIDNGSGMC[57.0215]K,2,NA,NA,L,F4,6,BM20230624_Ultra_IO25_200nl_30min2_ddaPASEF_230620_P4_1_F4_Slot1-1_1_1416,NA
sp|P63261|ACTG_HUMAN,n[42.0106]EEEIAALVIDNGSGMC[57.0215]K,2,NA,NA,L,G2,7,BM20230624_Ultra_IO25_200nl_30min2_ddaPASEF_230620_P4_1_G2_Slot1-1_1_1356,NA
sp|P63261|ACTG_HUMAN,n[42.0106]EEEIAALVIDNGSGMC[57.0215]K,2,NA,NA,L,G4,8,BM20230624_Ultra_IO25_200nl_30min2_ddaPASEF_230620_P4_1_G4_Slot1-1_1_1417,4292.3013
sp|P63261|ACTG_HUMAN,n[42.0106]EEEIAALVIDNGSGM[15.9949]C[57.0215]K,2,NA,NA,L,D2,1,BM20230624_Ultra_IO25_200nl_30min2_ddaPASEF_230620_P4_1_D2_Slot1-1_1_1353,NA
sp|P63261|ACTG_HUMAN,n[42.0106]EEEIAALVIDNGSGM[15.9949]C[57.0215]K,2,NA,NA,L,D4,2,BM20230624_Ultra_IO25_200nl_30min2_ddaPASEF_230620_P4_1_D4_Slot1-1_1_1414,NA
sp|P63261|ACTG_HUMAN,n[42.0106]EEEIAALVIDNGSGM[15.9949]C[57.0215]K,2,NA,NA,L,E2,3,BM20230624_Ultra_IO25_200nl_30min2_ddaPASEF_230620_P4_1_E2_Slot1-1_1_1354,4487.7783
sp|P63261|ACTG_HUMAN,n[42.0106]EEEIAALVIDNGSGM[15.9949]C[57.0215]K,2,NA,NA,L,E4,4,BM20230624_Ultra_IO25_200nl_30min2_ddaPASEF_230620_P4_1_E4_Slot1-1_1_1415,NA
sp|P63261|ACTG_HUMAN,n[42.0106]EEEIAALVIDNGSGM[15.9949]C[57.0215]K,2,NA,NA,L,F2,5,BM20230624_Ultra_IO25_200nl_30min2_ddaPASEF_230620_P4_1_F2_Slot1-1_1_1355,6040.914
sp|P63261|ACTG_HUMAN,n[42.0106]EEEIAALVIDNGSGM[15.9949]C[57.0215]K,2,NA,NA,L,F4,6,BM20230624_Ultra_IO25_200nl_30min2_ddaPASEF_230620_P4_1_F4_Slot1-1_1_1416,3547.1772
sp|P63261|ACTG_HUMAN,n[42.0106]EEEIAALVIDNGSGM[15.9949]C[57.0215]K,2,NA,NA,L,G2,7,BM20230624_Ultra_IO25_200nl_30min2_ddaPASEF_230620_P4_1_G2_Slot1-1_1_1356,NA
sp|P63261|ACTG_HUMAN,n[42.0106]EEEIAALVIDNGSGM[15.9949]C[57.0215]K,2,NA,NA,L,G4,8,BM20230624_Ultra_IO25_200nl_30min2_ddaPASEF_230620_P4_1_G4_Slot1-1_1_1417,NA
sp|P68032|ACTC_HUMAN,YPIEHGIITNWDDMEK,3,NA,NA,L,D2,1,BM20230624_Ultra_IO25_200nl_30min2_ddaPASEF_230620_P4_1_D2_Slot1-1_1_1353,NA
sp|P68032|ACTC_HUMAN,YPIEHGIITNWDDMEK,3,NA,NA,L,D4,2,BM20230624_Ultra_IO25_200nl_30min2_ddaPASEF_230620_P4_1_D4_Slot1-1_1_1414,NA
sp|P68032|ACTC_HUMAN,YPIEHGIITNWDDMEK,3,NA,NA,L,E2,3,BM20230624_Ultra_IO25_200nl_30min2_ddaPASEF_230620_P4_1_E2_Slot1-1_1_1354,NA
sp|P68032|ACTC_HUMAN,YPIEHGIITNWDDMEK,3,NA,NA,L,E4,4,BM20230624_Ultra_IO25_200nl_30min2_ddaPASEF_230620_P4_1_E4_Slot1-1_1_1415,NA
sp|P68032|ACTC_HUMAN,YPIEHGIITNWDDMEK,3,NA,NA,L,F2,5,BM20230624_Ultra_IO25_200nl_30min2_ddaPASEF_230620_P4_1_F2_Slot1-1_1_1355,NA
sp|P68032|ACTC_HUMAN,YPIEHGIITNWDDMEK,3,NA,NA,L,F4,6,BM20230624_Ultra_IO25_200nl_30min2_ddaPASEF_230620_P4_1_F4_Slot1-1_1_1416,17443.492
sp|P68032|ACTC_HUMAN,YPIEHGIITNWDDMEK,3,NA,NA,L,G2,7,BM20230624_Ultra_IO25_200nl_30min2_ddaPASEF_230620_P4_1_G2_Slot1-1_1_1356,6662.7817
sp|P68032|ACTC_HUMAN,YPIEHGIITNWDDMEK,3,NA,NA,L,G4,8,BM20230624_Ultra_IO25_200nl_30min2_ddaPASEF_230620_P4_1_G4_Slot1-1_1_1417,16501.67
sp|P68032|ACTC_HUMAN,YPIEHGIITNWDDM[15.9949]EK,3,NA,NA,L,D2,1,BM20230624_Ultra_IO25_200nl_30min2_ddaPASEF_230620_P4_1_D2_Slot1-1_1_1353,NA
sp|P68032|ACTC_HUMAN,YPIEHGIITNWDDM[15.9949]EK,3,NA,NA,L,D4,2,BM20230624_Ultra_IO25_200nl_30min2_ddaPASEF_230620_P4_1_D4_Slot1-1_1_1414,9276.479
sp|P68032|ACTC_HUMAN,YPIEHGIITNWDDM[15.9949]EK,3,NA,NA,L,E2,3,BM20230624_Ultra_IO25_200nl_30min2_ddaPASEF_230620_P4_1_E2_Slot1-1_1_1354,NA
sp|P68032|ACTC_HUMAN,YPIEHGIITNWDDM[15.9949]EK,3,NA,NA,L,E4,4,BM20230624_Ultra_IO25_200nl_30min2_ddaPASEF_230620_P4_1_E4_Slot1-1_1_1415,NA
sp|P68032|ACTC_HUMAN,YPIEHGIITNWDDM[15.9949]EK,3,NA,NA,L,F2,5,BM20230624_Ultra_IO25_200nl_30min2_ddaPASEF_230620_P4_1_F2_Slot1-1_1_1355,21254.422
sp|P68032|ACTC_HUMAN,YPIEHGIITNWDDM[15.9949]EK,3,NA,NA,L,F4,6,BM20230624_Ultra_IO25_200nl_30min2_ddaPASEF_230620_P4_1_F4_Slot1-1_1_1416,9934.109
sp|P68032|ACTC_HUMAN,YPIEHGIITNWDDM[15.9949]EK,3,NA,NA,L,G2,7,BM20230624_Ultra_IO25_200nl_30min2_ddaPASEF_230620_P4_1_G2_Slot1-1_1_1356,17792.36
sp|P68032|ACTC_HUMAN,YPIEHGIITNWDDM[15.9949]EK,3,NA,NA,L,G4,8,BM20230624_Ultra_IO25_200nl_30min2_ddaPASEF_230620_P4_1_G4_Slot1-1_1_1417,7498.16
sp|P68363|TBA1B_HUMAN,DYEEVGVDSVEGEGEEEGEEY,2,NA,NA,L,D2,1,BM20230624_Ultra_IO25_200nl_30min2_ddaPASEF_230620_P4_1_D2_Slot1-1_1_1353,NA
sp|P68363|TBA1B_HUMAN,DYEEVGVDSVEGEGEEEGEEY,2,NA,NA,L,D4,2,BM20230624_Ultra_IO25_200nl_30min2_ddaPASEF_230620_P4_1_D4_Slot1-1_1_1414,NA
sp|P68363|TBA1B_HUMAN,DYEEVGVDSVEGEGEEEGEEY,2,NA,NA,L,E2,3,BM20230624_Ultra_IO25_200nl_30min2_ddaPASEF_230620_P4_1_E2_Slot1-1_1_1354,NA
sp|P68363|TBA1B_HUMAN,DYEEVGVDSVEGEGEEEGEEY,2,NA,NA,L,E4,4,BM20230624_Ultra_IO25_200nl_30min2_ddaPASEF_230620_P4_1_E4_Slot1-1_1_1415,NA
sp|P68363|TBA1B_HUMAN,DYEEVGVDSVEGEGEEEGEEY,2,NA,NA,L,F2,5,BM20230624_Ultra_IO25_200nl_30min2_ddaPASEF_230620_P4_1_F2_Slot1-1_1_1355,8806.428
sp|P68363|TBA1B_HUMAN,DYEEVGVDSVEGEGEEEGEEY,2,NA,NA,L,F4,6,BM20230624_Ultra_IO25_200nl_30min2_ddaPASEF_230620_P4_1_F4_Slot1-1_1_1416,11380.489
sp|P68363|TBA1B_HUMAN,DYEEVGVDSVEGEGEEEGEEY,2,NA,NA,L,G2,7,BM20230624_Ultra_IO25_200nl_30min2_ddaPASEF_230620_P4_1_G2_Slot1-1_1_1356,8643.586
sp|P68363|TBA1B_HUMAN,DYEEVGVDSVEGEGEEEGEEY,2,NA,NA,L,G4,8,BM20230624_Ultra_IO25_200nl_30min2_ddaPASEF_230620_P4_1_G4_Slot1-1_1_1417,7149.4404
sp|P68363|TBA1B_HUMAN,AVFVDLEPTVIDEVR,2,NA,NA,L,D2,1,BM20230624_Ultra_IO25_200nl_30min2_ddaPASEF_230620_P4_1_D2_Slot1-1_1_1353,NA
sp|P68363|TBA1B_HUMAN,AVFVDLEPTVIDEVR,2,NA,NA,L,D4,2,BM20230624_Ultra_IO25_200nl_30min2_ddaPASEF_230620_P4_1_D4_Slot1-1_1_1414,NA
sp|P68363|TBA1B_HUMAN,AVFVDLEPTVIDEVR,2,NA,NA,L,E2,3,BM20230624_Ultra_IO25_200nl_30min2_ddaPASEF_230620_P4_1_E2_Slot1-1_1_1354,NA
sp|P68363|TBA1B_HUMAN,AVFVDLEPTVIDEVR,2,NA,NA,L,E4,4,BM20230624_Ultra_IO25_200nl_30min2_ddaPASEF_230620_P4_1_E4_Slot1-1_1_1415,NA
sp|P68363|TBA1B_HUMAN,AVFVDLEPTVIDEVR,2,NA,NA,L,F2,5,BM20230624_Ultra_IO25_200nl_30min2_ddaPASEF_230620_P4_1_F2_Slot1-1_1_1355,8704.6455
sp|P68363|TBA1B_HUMAN,AVFVDLEPTVIDEVR,2,NA,NA,L,F4,6,BM20230624_Ultra_IO25_200nl_30min2_ddaPASEF_230620_P4_1_F4_Slot1-1_1_1416,NA
sp|P68363|TBA1B_HUMAN,AVFVDLEPTVIDEVR,2,NA,NA,L,G2,7,BM20230624_Ultra_IO25_200nl_30min2_ddaPASEF_230620_P4_1_G2_Slot1-1_1_1356,6259.7456
sp|P68363|TBA1B_HUMAN,AVFVDLEPTVIDEVR,2,NA,NA,L,G4,8,BM20230624_Ultra_IO25_200nl_30min2_ddaPASEF_230620_P4_1_G4_Slot1-1_1_1417,5278.803
sp|P68363|TBA1B_HUMAN,TIGGGDDSFNTFFSETGAGK,2,NA,NA,L,D2,1,BM20230624_Ultra_IO25_200nl_30min2_ddaPASEF_230620_P4_1_D2_Slot1-1_1_1353,NA
sp|P68363|TBA1B_HUMAN,TIGGGDDSFNTFFSETGAGK,2,NA,NA,L,D4,2,BM20230624_Ultra_IO25_200nl_30min2_ddaPASEF_230620_P4_1_D4_Slot1-1_1_1414,4296.9155
sp|P68363|TBA1B_HUMAN,TIGGGDDSFNTFFSETGAGK,2,NA,NA,L,E2,3,BM20230624_Ultra_IO25_200nl_30min2_ddaPASEF_230620_P4_1_E2_Slot1-1_1_1354,NA
sp|P68363|TBA1B_HUMAN,TIGGGDDSFNTFFSETGAGK,2,NA,NA,L,E4,4,BM20230624_Ultra_IO25_200nl_30min2_ddaPASEF_230620_P4_1_E4_Slot1-1_1_1415,NA
sp|P68363|TBA1B_HUMAN,TIGGGDDSFNTFFSETGAGK,2,NA,NA,L,F2,5,BM20230624_Ultra_IO25_200nl_30min2_ddaPASEF_230620_P4_1_F2_Slot1-1_1_1355,12104.034
sp|P68363|TBA1B_HUMAN,TIGGGDDSFNTFFSETGAGK,2,NA,NA,L,F4,6,BM20230624_Ultra_IO25_200nl_30min2_ddaPASEF_230620_P4_1_F4_Slot1-1_1_1416,10468.085
sp|P68363|TBA1B_HUMAN,TIGGGDDSFNTFFSETGAGK,2,NA,NA,L,G2,7,BM20230624_Ultra_IO25_200nl_30min2_ddaPASEF_230620_P4_1_G2_Slot1-1_1_1356,NA
sp|P68363|TBA1B_HUMAN,TIGGGDDSFNTFFSETGAGK,2,NA,NA,L,G4,8,BM20230624_Ultra_IO25_200nl_30min2_ddaPASEF_230620_P4_1_G4_Slot1-1_1_1417,6527.8057
sp|P68363|TBA1B_HUMAN,VGINYQPPTVVPGGDLAK,2,NA,NA,L,D2,1,BM20230624_Ultra_IO25_200nl_30min2_ddaPASEF_230620_P4_1_D2_Slot1-1_1_1353,NA
sp|P68363|TBA1B_HUMAN,VGINYQPPTVVPGGDLAK,2,NA,NA,L,D4,2,BM20230624_Ultra_IO25_200nl_30min2_ddaPASEF_230620_P4_1_D4_Slot1-1_1_1414,NA
sp|P68363|TBA1B_HUMAN,VGINYQPPTVVPGGDLAK,2,NA,NA,L,E2,3,BM20230624_Ultra_IO25_200nl_30min2_ddaPASEF_230620_P4_1_E2_Slot1-1_1_1354,NA
sp|P68363|TBA1B_HUMAN,VGINYQPPTVVPGGDLAK,2,NA,NA,L,E4,4,BM20230624_Ultra_IO25_200nl_30min2_ddaPASEF_230620_P4_1_E4_Slot1-1_1_1415,NA
sp|P68363|TBA1B_HUMAN,VGINYQPPTVVPGGDLAK,2,NA,NA,L,F2,5,BM20230624_Ultra_IO25_200nl_30min2_ddaPASEF_230620_P4_1_F2_Slot1-1_1_1355,9246.016
sp|P68363|TBA1B_HUMAN,VGINYQPPTVVPGGDLAK,2,NA,NA,L,F4,6,BM20230624_Ultra_IO25_200nl_30min2_ddaPASEF_230620_P4_1_F4_Slot1-1_1_1416,7465.908
sp|P68363|TBA1B_HUMAN,VGINYQPPTVVPGGDLAK,2,NA,NA,L,G2,7,BM20230624_Ultra_IO25_200nl_30min2_ddaPASEF_230620_P4_1_G2_Slot1-1_1_1356,NA
sp|P68363|TBA1B_HUMAN,VGINYQPPTVVPGGDLAK,2,NA,NA,L,G4,8,BM20230624_Ultra_IO25_200nl_30min2_ddaPASEF_230620_P4_1_G4_Slot1-1_1_1417,NA
sp|P68431|H31_HUMAN,STELLIR,2,NA,NA,L,D2,1,BM20230624_Ultra_IO25_200nl_30min2_ddaPASEF_230620_P4_1_D2_Slot1-1_1_1353,6905.546
sp|P68431|H31_HUMAN,STELLIR,2,NA,NA,L,D4,2,BM20230624_Ultra_IO25_200nl_30min2_ddaPASEF_230620_P4_1_D4_Slot1-1_1_1414,NA
sp|P68431|H31_HUMAN,STELLIR,2,NA,NA,L,E2,3,BM20230624_Ultra_IO25_200nl_30min2_ddaPASEF_230620_P4_1_E2_Slot1-1_1_1354,5082.1816
sp|P68431|H31_HUMAN,STELLIR,2,NA,NA,L,E4,4,BM20230624_Ultra_IO25_200nl_30min2_ddaPASEF_230620_P4_1_E4_Slot1-1_1_1415,NA
sp|P68431|H31_HUMAN,STELLIR,2,NA,NA,L,F2,5,BM20230624_Ultra_IO25_200nl_30min2_ddaPASEF_230620_P4_1_F2_Slot1-1_1_1355,NA
sp|P68431|H31_HUMAN,STELLIR,2,NA,NA,L,F4,6,BM20230624_Ultra_IO25_200nl_30min2_ddaPASEF_230620_P4_1_F4_Slot1-1_1_1416,NA
sp|P68431|H31_HUMAN,STELLIR,2,NA,NA,L,G2,7,BM20230624_Ultra_IO25_200nl_30min2_ddaPASEF_230620_P4_1_G2_Slot1-1_1_1356,NA
sp|P68431|H31_HUMAN,STELLIR,2,NA,NA,L,G4,8,BM20230624_Ultra_IO25_200nl_30min2_ddaPASEF_230620_P4_1_G4_Slot1-1_1_1417,NA
sp|P68431|H31_HUMAN,YRPGTVALR,2,NA,NA,L,D2,1,BM20230624_Ultra_IO25_200nl_30min2_ddaPASEF_230620_P4_1_D2_Slot1-1_1_1353,NA
sp|P68431|H31_HUMAN,YRPGTVALR,2,NA,NA,L,D4,2,BM20230624_Ultra_IO25_200nl_30min2_ddaPASEF_230620_P4_1_D4_Slot1-1_1_1414,13599.558
sp|P68431|H31_HUMAN,YRPGTVALR,2,NA,NA,L,E2,3,BM20230624_Ultra_IO25_200nl_30min2_ddaPASEF_230620_P4_1_E2_Slot1-1_1_1354,NA
sp|P68431|H31_HUMAN,YRPGTVALR,2,NA,NA,L,E4,4,BM20230624_Ultra_IO25_200nl_30min2_ddaPASEF_230620_P4_1_E4_Slot1-1_1_1415,NA
sp|P68431|H31_HUMAN,YRPGTVALR,2,NA,NA,L,F2,5,BM20230624_Ultra_IO25_200nl_30min2_ddaPASEF_230620_P4_1_F2_Slot1-1_1_1355,NA
sp|P68431|H31_HUMAN,YRPGTVALR,2,NA,NA,L,F4,6,BM20230624_Ultra_IO25_200nl_30min2_ddaPASEF_230620_P4_1_F4_Slot1-1_1_1416,11653.052
sp|P68431|H31_HUMAN,YRPGTVALR,2,NA,NA,L,G2,7,BM20230624_Ultra_IO25_200nl_30min2_ddaPASEF_230620_P4_1_G2_Slot1-1_1_1356,NA
sp|P68431|H31_HUMAN,YRPGTVALR,2,NA,NA,L,G4,8,BM20230624_Ultra_IO25_200nl_30min2_ddaPASEF_230620_P4_1_G4_Slot1-1_1_1417,NA
sp|Q01469|FABP5_HUMAN,n[42.0106]ATVQQLEGR,2,NA,NA,L,D2,1,BM20230624_Ultra_IO25_200nl_30min2_ddaPASEF_230620_P4_1_D2_Slot1-1_1_1353,21856.037
sp|Q01469|FABP5_HUMAN,n[42.0106]ATVQQLEGR,2,NA,NA,L,D4,2,BM20230624_Ultra_IO25_200nl_30min2_ddaPASEF_230620_P4_1_D4_Slot1-1_1_1414,NA
sp|Q01469|FABP5_HUMAN,n[42.0106]ATVQQLEGR,2,NA,NA,L,E2,3,BM20230624_Ultra_IO25_200nl_30min2_ddaPASEF_230620_P4_1_E2_Slot1-1_1_1354,13666.419
sp|Q01469|FABP5_HUMAN,n[42.0106]ATVQQLEGR,2,NA,NA,L,E4,4,BM20230624_Ultra_IO25_200nl_30min2_ddaPASEF_230620_P4_1_E4_Slot1-1_1_1415,NA
sp|Q01469|FABP5_HUMAN,n[42.0106]ATVQQLEGR,2,NA,NA,L,F2,5,BM20230624_Ultra_IO25_200nl_30min2_ddaPASEF_230620_P4_1_F2_Slot1-1_1_1355,7061.5557
sp|Q01469|FABP5_HUMAN,n[42.0106]ATVQQLEGR,2,NA,NA,L,F4,6,BM20230624_Ultra_IO25_200nl_30min2_ddaPASEF_230620_P4_1_F4_Slot1-1_1_1416,NA
sp|Q01469|FABP5_HUMAN,n[42.0106]ATVQQLEGR,2,NA,NA,L,G2,7,BM20230624_Ultra_IO25_200nl_30min2_ddaPASEF_230620_P4_1_G2_Slot1-1_1_1356,NA
sp|Q01469|FABP5_HUMAN,n[42.0106]ATVQQLEGR,2,NA,NA,L,G4,8,BM20230624_Ultra_IO25_200nl_30min2_ddaPASEF_230620_P4_1_G4_Slot1-1_1_1417,NA
sp|Q12888|TP53B_HUMAN,PATGERK,2,NA,NA,L,D2,1,BM20230624_Ultra_IO25_200nl_30min2_ddaPASEF_230620_P4_1_D2_Slot1-1_1_1353,25138.283
sp|Q12888|TP53B_HUMAN,PATGERK,2,NA,NA,L,D4,2,BM20230624_Ultra_IO25_200nl_30min2_ddaPASEF_230620_P4_1_D4_Slot1-1_1_1414,NA
sp|Q12888|TP53B_HUMAN,PATGERK,2,NA,NA,L,E2,3,BM20230624_Ultra_IO25_200nl_30min2_ddaPASEF_230620_P4_1_E2_Slot1-1_1_1354,56794.37
sp|Q12888|TP53B_HUMAN,PATGERK,2,NA,NA,L,E4,4,BM20230624_Ultra_IO25_200nl_30min2_ddaPASEF_230620_P4_1_E4_Slot1-1_1_1415,NA
sp|Q12888|TP53B_HUMAN,PATGERK,2,NA,NA,L,F2,5,BM20230624_Ultra_IO25_200nl_30min2_ddaPASEF_230620_P4_1_F2_Slot1-1_1_1355,NA
sp|Q12888|TP53B_HUMAN,PATGERK,2,NA,NA,L,F4,6,BM20230624_Ultra_IO25_200nl_30min2_ddaPASEF_230620_P4_1_F4_Slot1-1_1_1416,NA
sp|Q12888|TP53B_HUMAN,PATGERK,2,NA,NA,L,G2,7,BM20230624_Ultra_IO25_200nl_30min2_ddaPASEF_230620_P4_1_G2_Slot1-1_1_1356,NA
sp|Q12888|TP53B_HUMAN,PATGERK,2,NA,NA,L,G4,8,BM20230624_Ultra_IO25_200nl_30min2_ddaPASEF_230620_P4_1_G4_Slot1-1_1_1417,NA
sp|Q9C086|IN80B_HUMAN,TGQALC[57.0215]SLQC[57.0215]YR,2,NA,NA,L,D2,1,BM20230624_Ultra_IO25_200nl_30min2_ddaPASEF_230620_P4_1_D2_Slot1-1_1_1353,NA
sp|Q9C086|IN80B_HUMAN,TGQALC[57.0215]SLQC[57.0215]YR,2,NA,NA,L,D4,2,BM20230624_Ultra_IO25_200nl_30min2_ddaPASEF_230620_P4_1_D4_Slot1-1_1_1414,NA
sp|Q9C086|IN80B_HUMAN,TGQALC[57.0215]SLQC[57.0215]YR,2,NA,NA,L,E2,3,BM20230624_Ultra_IO25_200nl_30min2_ddaPASEF_230620_P4_1_E2_Slot1-1_1_1354,NA
sp|Q9C086|IN80B_HUMAN,TGQALC[57.0215]SLQC[57.0215]YR,2,NA,NA,L,E4,4,BM20230624_Ultra_IO25_200nl_30min2_ddaPASEF_230620_P4_1_E4_Slot1-1_1_1415,NA
sp|Q9C086|IN80B_HUMAN,TGQALC[57.0215]SLQC[57.0215]YR,2,NA,NA,L,F2,5,BM20230624_Ultra_IO25_200nl_30min2_ddaPASEF_230620_P4_1_F2_Slot1-1_1_1355,NA
sp|Q9C086|IN80B_HUMAN,TGQALC[57.0215]SLQC[57.0215]YR,2,NA,NA,L,F4,6,BM20230624_Ultra_IO25_200nl_30min2_ddaPASEF_230620_P4_1_F4_Slot1-1_1_1416,NA
sp|Q9C086|IN80B_HUMAN,TGQALC[57.0215]SLQC[57.0215]YR,2,NA,NA,L,G2,7,BM20230624_Ultra_IO25_200nl_30min2_ddaPASEF_230620_P4_1_G2_Slot1-1_1_1356,NA
sp|Q9C086|IN80B_HUMAN,TGQALC[57.0215]SLQC[57.0215]YR,2,NA,NA,L,G4,8,BM20230624_Ultra_IO25_200nl_30min2_ddaPASEF_230620_P4_1_G4_Slot1-1_1_1417,8769.81
