"ptm","replicate","multiplier","CV"
"H1-K25[me];K31[un]","1","1",0.0218876841488
"H1-K25[me];K31[un]","1","2",0.028013082996969
"H1-K25[me];K31[un]","1","4",0.0262642343378034
"H1-K25[me];K31[un]","1","8",0.0424854191147094
"H1-K25[me];K31[un]","1","100",NA
"H1-K25[me];K31[un]","2","1",0.153789704657892
"H1-K25[me];K31[un]","2","2",0.0412723100121605
"H1-K25[me];K31[un]","2","4",0.0292788689281182
"H1-K25[me];K31[un]","2","8",0.0296919616778109
"H1-K25[me];K31[un]","3","1",0.0786396759797233
"H1-K25[me];K31[un]","3","2",0.0372487736022981
"H1-K25[me];K31[un]","3","4",0.0460225452666755
"H1-K25[me];K31[un]","3","8",0.00636739406059955
"H1-K25[me];K31[un]","3","100",NA
"H1-K25[un];K31[un]","1","1",0.113900239678941
"H1-K25[un];K31[un]","1","2",0.15885990842784
"H1-K25[un];K31[un]","1","4",0.204826698215146
"H1-K25[un];K31[un]","1","8",0.307345253984878
"H1-K25[un];K31[un]","1","100",NA
"H1-K25[un];K31[un]","2","1",0.303400699965027
"H1-K25[un];K31[un]","2","2",0.246659222660656
"H1-K25[un];K31[un]","2","4",0.186702277631496
"H1-K25[un];K31[un]","2","8",0.233631761251979
"H1-K25[un];K31[un]","3","1",0.14016439793248
"H1-K25[un];K31[un]","3","2",0.168980558678739
"H1-K25[un];K31[un]","3","4",0.30907827648672
"H1-K25[un];K31[un]","3","8",0.0637315109576675
"H1-K25[un];K31[un]","3","100",NA
"H1.5-K33[ac];K45[un];K51[un]","1","1",0.031939376433658
"H1.5-K33[ac];K45[un];K51[un]","1","2",0.0331570191899851
"H1.5-K33[ac];K45[un];K51[un]","1","4",0.0464793464040346
"H1.5-K33[ac];K45[un];K51[un]","1","8",0.00295173174936595
"H1.5-K33[ac];K45[un];K51[un]","1","100",NA
"H1.5-K33[ac];K45[un];K51[un]","2","1",0.0323012707086394
"H1.5-K33[ac];K45[un];K51[un]","2","2",0.018416068004611
"H1.5-K33[ac];K45[un];K51[un]","2","4",0.0326170190874508
"H1.5-K33[ac];K45[un];K51[un]","2","8",0.039418981921996
"H1.5-K33[ac];K45[un];K51[un]","3","1",0.0653204023289127
"H1.5-K33[ac];K45[un];K51[un]","3","2",0.0574694881241353
"H1.5-K33[ac];K45[un];K51[un]","3","4",0.0636741642936713
"H1.5-K33[ac];K45[un];K51[un]","3","8",0.0185410747777918
"H1.5-K33[ac];K45[un];K51[un]","3","100",NA
"H1.5-K33[un];K45[un];K51[un]","1","1",0.0292057646708377
"H1.5-K33[un];K45[un];K51[un]","1","2",0.0314090378251918
"H1.5-K33[un];K45[un];K51[un]","1","4",0.0412925321086871
"H1.5-K33[un];K45[un];K51[un]","1","8",0.00267185150537047
"H1.5-K33[un];K45[un];K51[un]","1","100",NA
"H1.5-K33[un];K45[un];K51[un]","2","1",0.149048963632326
"H1.5-K33[un];K45[un];K51[un]","2","2",0.098280424085847
"H1.5-K33[un];K45[un];K51[un]","2","4",0.160030216229307
"H1.5-K33[un];K45[un];K51[un]","2","8",0.171242673781393
"H1.5-K33[un];K45[un];K51[un]","3","1",0.311159175976935
"H1.5-K33[un];K45[un];K51[un]","3","2",0.317126574146437
"H1.5-K33[un];K45[un];K51[un]","3","4",0.321041367882667
"H1.5-K33[un];K45[un];K51[un]","3","8",0.119952382475067
"H1.5-K33[un];K45[un];K51[un]","3","100",NA
"H2A1A-K5[ac];K9[un]","1","1",0.0530878804930552
"H2A1A-K5[ac];K9[un]","1","2",0.00122592448767666
"H2A1A-K5[ac];K9[un]","1","4",0.0433376444079248
"H2A1A-K5[ac];K9[un]","1","8",0.00281551219997879
"H2A1A-K5[ac];K9[un]","1","100",NA
"H2A1A-K5[ac];K9[un]","2","1",0.121250292698481
"H2A1A-K5[ac];K9[un]","2","2",0.0343200514399917
"H2A1A-K5[ac];K9[un]","2","4",0.0810768439614332
"H2A1A-K5[ac];K9[un]","2","8",0.0729979402336659
"H2A1A-K5[ac];K9[un]","3","1",0.100140316106128
"H2A1A-K5[ac];K9[un]","3","2",0.0928538004533944
"H2A1A-K5[ac];K9[un]","3","4",0.142134835204323
"H2A1A-K5[ac];K9[un]","3","8",0.0230498012469557
"H2A1A-K5[ac];K9[un]","3","100",NA
"H2A1A-K5[un];K9[un]","1","1",0.00319852384577925
"H2A1A-K5[un];K9[un]","1","2",7.22812017501494e-05
"H2A1A-K5[un];K9[un]","1","4",0.00271501891428445
"H2A1A-K5[un];K9[un]","1","8",0.000199474059045587
"H2A1A-K5[un];K9[un]","1","100",NA
"H2A1A-K5[un];K9[un]","2","1",0.00808965352386799
"H2A1A-K5[un];K9[un]","2","2",0.00204415660762596
"H2A1A-K5[un];K9[un]","2","4",0.00504764875149133
"H2A1A-K5[un];K9[un]","2","8",0.00437960469636466
"H2A1A-K5[un];K9[un]","3","1",0.00694299189791165
"H2A1A-K5[un];K9[un]","3","2",0.00544146275739282
"H2A1A-K5[un];K9[un]","3","4",0.00827222169372292
"H2A1A-K5[un];K9[un]","3","8",0.0013405290196454
"H2A1A-K5[un];K9[un]","3","100",NA
"H2A1B-K13[un];K15[ac]","1","1",0.0346842995417325
"H2A1B-K13[un];K15[ac]","1","2",0.0027247955474025
"H2A1B-K13[un];K15[ac]","1","4",0.0020478945410542
"H2A1B-K13[un];K15[ac]","1","8",0.0336821909104979
"H2A1B-K13[un];K15[ac]","1","100",NA
"H2A1B-K13[un];K15[ac]","2","1",0.13626936371173
"H2A1B-K13[un];K15[ac]","2","2",0.0813101520929337
"H2A1B-K13[un];K15[ac]","2","4",0.0467381423032893
"H2A1B-K13[un];K15[ac]","2","8",0.0545002336098863
"H2A1B-K13[un];K15[ac]","3","1",0.0483927883011387
"H2A1B-K13[un];K15[ac]","3","2",0.0660184001048388
"H2A1B-K13[un];K15[ac]","3","4",0.0221807371995548
"H2A1B-K13[un];K15[ac]","3","8",0.0222888779001265
"H2A1B-K13[un];K15[ac]","3","100",NA
"H2A1B-K13[un];K15[un]","1","1",0.0100897792856383
"H2A1B-K13[un];K15[un]","1","2",0.000804640737872834
"H2A1B-K13[un];K15[un]","1","4",0.000641533378012634
"H2A1B-K13[un];K15[un]","1","8",0.0122153754973478
"H2A1B-K13[un];K15[un]","1","100",NA
"H2A1B-K13[un];K15[un]","2","1",0.0457451809664699
"H2A1B-K13[un];K15[un]","2","2",0.0278972859578581
"H2A1B-K13[un];K15[un]","2","4",0.0148456976592305
"H2A1B-K13[un];K15[un]","2","8",0.0176718430647066
"H2A1B-K13[un];K15[un]","3","1",0.0159073428605473
"H2A1B-K13[un];K15[un]","3","2",0.0205995881549711
"H2A1B-K13[un];K15[un]","3","4",0.00687957137014513
"H2A1B-K13[un];K15[un]","3","8",0.00677682860563395
"H2A1B-K13[un];K15[un]","3","100",NA
"H2AJ-K5[ac];K9[ac]","1","1",0.0937195914925567
"H2AJ-K5[ac];K9[ac]","1","2",0.0264249708405386
"H2AJ-K5[ac];K9[ac]","1","4",0.0451191279204492
"H2AJ-K5[ac];K9[ac]","1","8",0.0356841164143153
"H2AJ-K5[ac];K9[ac]","1","100",NA
"H2AJ-K5[ac];K9[ac]","2","1",0.141609869549692
"H2AJ-K5[ac];K9[ac]","2","2",0.152193743847999
"H2AJ-K5[ac];K9[ac]","2","4",0.122708066377122
"H2AJ-K5[ac];K9[ac]","2","8",0.184975125361843
"H2AJ-K5[ac];K9[ac]","3","1",0.120296515851943
"H2AJ-K5[ac];K9[ac]","3","2",0.108602133907078
"H2AJ-K5[ac];K9[ac]","3","4",0.145632827197318
"H2AJ-K5[ac];K9[ac]","3","8",0.0433582240529154
"H2AJ-K5[ac];K9[ac]","3","100",NA
"H2AJ-K5[ac];K9[hib]","1","1",0.155643587410734
"H2AJ-K5[ac];K9[hib]","1","2",0.170515304666371
"H2AJ-K5[ac];K9[hib]","1","4",0.184432086923385
"H2AJ-K5[ac];K9[hib]","1","8",0.071198014051558
"H2AJ-K5[ac];K9[hib]","1","100",NA
"H2AJ-K5[ac];K9[hib]","2","1",0.355026161771534
"H2AJ-K5[ac];K9[hib]","2","2",0.0446942346780706
"H2AJ-K5[ac];K9[hib]","2","4",0.258475390108555
"H2AJ-K5[ac];K9[hib]","2","8",0.0203355417113867
"H2AJ-K5[ac];K9[hib]","3","1",0.143820730370393
"H2AJ-K5[ac];K9[hib]","3","2",0.235947432121306
"H2AJ-K5[ac];K9[hib]","3","4",0.464368448139653
"H2AJ-K5[ac];K9[hib]","3","8",0.405672270164984
"H2AJ-K5[ac];K9[hib]","3","100",NA
"H2AJ-K5[un];K9[un]","1","1",0.111269664051834
"H2AJ-K5[un];K9[un]","1","2",0.04287041027458
"H2AJ-K5[un];K9[un]","1","4",0.035012610869861
"H2AJ-K5[un];K9[un]","1","8",0.00622371876089552
"H2AJ-K5[un];K9[un]","1","100",NA
"H2AJ-K5[un];K9[un]","2","1",0.125564486534564
"H2AJ-K5[un];K9[un]","2","2",0.361240164460156
"H2AJ-K5[un];K9[un]","2","4",0.32436668651304
"H2AJ-K5[un];K9[un]","2","8",0.252060768885324
"H2AJ-K5[un];K9[un]","3","1",0.139447450278297
"H2AJ-K5[un];K9[un]","3","2",0.190135131652679
"H2AJ-K5[un];K9[un]","3","4",0.0573234016079026
"H2AJ-K5[un];K9[un]","3","8",0.152763199280637
"H2AJ-K5[un];K9[un]","3","100",NA
"H31-K18[ac];K23[ac]","1","1",0.122395395179346
"H31-K18[ac];K23[ac]","1","2",0.0948440428133463
"H31-K18[ac];K23[ac]","1","4",0.0432717981983296
"H31-K18[ac];K23[ac]","1","8",0.0302901676337653
"H31-K18[ac];K23[ac]","1","100",NA
"H31-K18[ac];K23[ac]","2","1",0.0892668989656139
"H31-K18[ac];K23[ac]","2","2",0.82837727978468
"H31-K18[ac];K23[ac]","2","4",0.46942249513651
"H31-K18[ac];K23[ac]","2","8",0.175051194959811
"H31-K18[ac];K23[ac]","3","1",0.237292041638298
"H31-K18[ac];K23[ac]","3","2",0.0855707807804205
"H31-K18[ac];K23[ac]","3","4",0.142790937916111
"H31-K18[ac];K23[ac]","3","8",0.185250675570855
"H31-K18[ac];K23[ac]","3","100",NA
"H31-K18[ac];K23[un]","1","1",0.0817446555169694
"H31-K18[ac];K23[un]","1","2",0.044460958517256
"H31-K18[ac];K23[un]","1","4",0.146838167067207
"H31-K18[ac];K23[un]","1","8",0.0366414818523936
"H31-K18[ac];K23[un]","1","100",NA
"H31-K18[ac];K23[un]","2","1",0.234572658699138
"H31-K18[ac];K23[un]","2","2",0.193268908376736
"H31-K18[ac];K23[un]","2","4",0.218010652791586
"H31-K18[ac];K23[un]","2","8",0.232486258810285
"H31-K18[ac];K23[un]","3","1",0.153047233405854
"H31-K18[ac];K23[un]","3","2",0.362548032117503
"H31-K18[ac];K23[un]","3","4",0.331469347068941
"H31-K18[ac];K23[un]","3","8",1.3899224526981
"H31-K18[ac];K23[un]","3","100",NA
"H31-K18[un];K23[ac]","1","1",0.0252563988425706
"H31-K18[un];K23[ac]","1","2",0.0227309303292391
"H31-K18[un];K23[ac]","1","4",0.000125517251892153
"H31-K18[un];K23[ac]","1","8",0.0113714118478642
"H31-K18[un];K23[ac]","1","100",NA
"H31-K18[un];K23[ac]","2","1",0.102656144573198
"H31-K18[un];K23[ac]","2","2",0.643491655229409
"H31-K18[un];K23[ac]","2","4",0.367901444269298
"H31-K18[un];K23[ac]","2","8",0.180151299351684
"H31-K18[un];K23[ac]","3","1",0.118710308967572
"H31-K18[un];K23[ac]","3","2",0.0910886393953722
"H31-K18[un];K23[ac]","3","4",0.110428375665221
"H31-K18[un];K23[ac]","3","8",0.18486255420926
"H31-K18[un];K23[ac]","3","100",NA
"H31-K18[un];K23[su]","1","1",0.0994167748325194
"H31-K18[un];K23[su]","1","2",0.0118525335679701
"H31-K18[un];K23[su]","1","4",0.0236960973602763
"H31-K18[un];K23[su]","1","8",0.0458210514949161
"H31-K18[un];K23[su]","1","100",NA
"H31-K18[un];K23[su]","2","1",0.122820015380743
"H31-K18[un];K23[su]","2","2",0.744180520648626
"H31-K18[un];K23[su]","2","4",0.473463763228468
"H31-K18[un];K23[su]","2","8",0.530362612994166
"H31-K18[un];K23[su]","3","1",0.389365182684599
"H31-K18[un];K23[su]","3","2",0.286925329964211
"H31-K18[un];K23[su]","3","4",0.312267390570943
"H31-K18[un];K23[su]","3","8",0.163383595239821
"H31-K18[un];K23[su]","3","100",NA
"H31-K18[un];K23[un]","1","1",0.00632313854444846
"H31-K18[un];K23[un]","1","2",0.00519771807535027
"H31-K18[un];K23[un]","1","4",0.00632450050823304
"H31-K18[un];K23[un]","1","8",0.00541997192474651
"H31-K18[un];K23[un]","1","100",NA
"H31-K18[un];K23[un]","2","1",0.0421057036687687
"H31-K18[un];K23[un]","2","2",0.471263979932296
"H31-K18[un];K23[un]","2","4",0.167918934040247
"H31-K18[un];K23[un]","2","8",0.0749449232980727
"H31-K18[un];K23[un]","3","1",0.031272590621248
"H31-K18[un];K23[un]","3","2",0.0393560571472299
"H31-K18[un];K23[un]","3","4",0.0427348237779803
"H31-K18[un];K23[un]","3","8",0.255239112486455
"H31-K18[un];K23[un]","3","100",NA
"H31-K27[hib];K36[un];K37[un]","1","1",0.331673468226009
"H31-K27[hib];K36[un];K37[un]","1","2",0.0400564692343508
"H31-K27[hib];K36[un];K37[un]","1","4",0.012370779585677
"H31-K27[hib];K36[un];K37[un]","1","8",0.0553975527057663
"H31-K27[hib];K36[un];K37[un]","1","100",NA
"H31-K27[hib];K36[un];K37[un]","2","1",0.135722682550533
"H31-K27[hib];K36[un];K37[un]","2","2",0.194923245769726
"H31-K27[hib];K36[un];K37[un]","2","4",0.1502598014645
"H31-K27[hib];K36[un];K37[un]","2","8",0.302427955577703
"H31-K27[hib];K36[un];K37[un]","3","1",0.0972697548918023
"H31-K27[hib];K36[un];K37[un]","3","2",0.321418594683027
"H31-K27[hib];K36[un];K37[un]","3","4",0.276117221415598
"H31-K27[hib];K36[un];K37[un]","3","8",0.290877638657464
"H31-K27[hib];K36[un];K37[un]","3","100",NA
"H31-K27[me2];K36[me];K37[un]","1","1",0.161868416949692
"H31-K27[me2];K36[me];K37[un]","1","2",0.00213573653961602
"H31-K27[me2];K36[me];K37[un]","1","4",0.0465716676615435
"H31-K27[me2];K36[me];K37[un]","1","8",0.133353232315101
"H31-K27[me2];K36[me];K37[un]","1","100",NA
"H31-K27[me2];K36[me];K37[un]","2","1",0.451280035540572
"H31-K27[me2];K36[me];K37[un]","2","2",0.475681043687695
"H31-K27[me2];K36[me];K37[un]","2","4",0.36728607578206
"H31-K27[me2];K36[me];K37[un]","2","8",0.280501882228182
"H31-K27[me2];K36[me];K37[un]","3","1",0.569219570822247
"H31-K27[me2];K36[me];K37[un]","3","2",0.585939694471646
"H31-K27[me2];K36[me];K37[un]","3","4",0.606871741115922
"H31-K27[me2];K36[me];K37[un]","3","8",0.229644986356979
"H31-K27[me2];K36[me];K37[un]","3","100",NA
"H31-K27[me2];K36[un];K37[un]","1","1",0.352554748400631
"H31-K27[me2];K36[un];K37[un]","1","2",0.048251180710315
"H31-K27[me2];K36[un];K37[un]","1","4",0.0827827760645175
"H31-K27[me2];K36[un];K37[un]","1","8",0.0126704705431278
"H31-K27[me2];K36[un];K37[un]","1","100",NA
"H31-K27[me2];K36[un];K37[un]","2","1",1.23104246342261
"H31-K27[me2];K36[un];K37[un]","2","2",1.39617416956132
"H31-K27[me2];K36[un];K37[un]","2","4",1.20531274359993
"H31-K27[me2];K36[un];K37[un]","2","8",1.73205080756888
"H31-K27[me2];K36[un];K37[un]","3","1",0.59989099525823
"H31-K27[me2];K36[un];K37[un]","3","2",0.826066563361081
"H31-K27[me2];K36[un];K37[un]","3","4",0.304340716730463
"H31-K27[me2];K36[un];K37[un]","3","8",0.246644898008529
"H31-K27[me2];K36[un];K37[un]","3","100",NA
"H31-K27[me3];K36[un];K37[un]","1","1",0.280977714052789
"H31-K27[me3];K36[un];K37[un]","1","2",0.0261791281037789
"H31-K27[me3];K36[un];K37[un]","1","4",0.00891093376074751
"H31-K27[me3];K36[un];K37[un]","1","8",0.0725718630256511
"H31-K27[me3];K36[un];K37[un]","1","100",NA
"H31-K27[me3];K36[un];K37[un]","2","1",0.154191776199091
"H31-K27[me3];K36[un];K37[un]","2","2",0.170366089332894
"H31-K27[me3];K36[un];K37[un]","2","4",0.217327795486457
"H31-K27[me3];K36[un];K37[un]","2","8",0.134286500589185
"H31-K27[me3];K36[un];K37[un]","3","1",0.343770405446763
"H31-K27[me3];K36[un];K37[un]","3","2",0.30254733790189
"H31-K27[me3];K36[un];K37[un]","3","4",0.202123676996595
"H31-K27[me3];K36[un];K37[un]","3","8",0.460452860193876
"H31-K27[me3];K36[un];K37[un]","3","100",NA
"H31-K27[un];K36[un];K37[un]","1","1",0.190095916380545
"H31-K27[un];K36[un];K37[un]","1","2",0.0375881752485602
"H31-K27[un];K36[un];K37[un]","1","4",0.0139751574370048
"H31-K27[un];K36[un];K37[un]","1","8",0.0998905378798206
"H31-K27[un];K36[un];K37[un]","1","100",NA
"H31-K27[un];K36[un];K37[un]","2","1",0.387037398571065
"H31-K27[un];K36[un];K37[un]","2","2",0.165364743109738
"H31-K27[un];K36[un];K37[un]","2","4",0.684204454848594
"H31-K27[un];K36[un];K37[un]","2","8",0.545101942624948
"H31-K27[un];K36[un];K37[un]","3","1",0.421351605384258
"H31-K27[un];K36[un];K37[un]","3","2",0.502925701950094
"H31-K27[un];K36[un];K37[un]","3","4",0.720964307124186
"H31-K27[un];K36[un];K37[un]","3","8",0.511470610918707
"H31-K27[un];K36[un];K37[un]","3","100",NA
"H31-K4[me]","1","1",0.382861766422467
"H31-K4[me]","1","2",0.0632270271634347
"H31-K4[me]","1","4",0.230720277131268
"H31-K4[me]","1","8",0.137293776403952
"H31-K4[me]","1","100",NA
"H31-K4[me]","2","1",0.872402353507649
"H31-K4[me]","2","2",0.463116722478104
"H31-K4[me]","2","4",0.336932880371369
"H31-K4[me]","2","8",0.476911042862857
"H31-K4[me]","3","1",0.301959464245345
"H31-K4[me]","3","2",0.307910858895099
"H31-K4[me]","3","4",0.514505998813079
"H31-K4[me]","3","8",0.250801408193397
"H31-K4[me]","3","100",NA
"H31-K4[un]","1","1",0.867538856659881
"H31-K4[un]","1","2",0.14102298621974
"H31-K4[un]","1","4",0.486406974514165
"H31-K4[un]","1","8",0.139848740040332
"H31-K4[un]","1","100",NA
"H31-K4[un]","2","1",0.412176355429407
"H31-K4[un]","2","2",0.235378557964822
"H31-K4[un]","2","4",0.224981376443475
"H31-K4[un]","2","8",0.597748790556696
"H31-K4[un]","3","1",0.15471025641191
"H31-K4[un]","3","2",0.885155839065246
"H31-K4[un]","3","4",0.606128262971949
"H31-K4[un]","3","8",1.2141579841894
"H31-K4[un]","3","100",NA
"H31-K79[me]","1","1",0.103743112290038
"H31-K79[me]","1","2",0.0407093720568829
"H31-K79[me]","1","4",0.0301286868781448
"H31-K79[me]","1","8",0.0416978000917632
"H31-K79[me]","1","100",NA
"H31-K79[me]","2","1",0.0636851742196841
"H31-K79[me]","2","2",0.293861070359339
"H31-K79[me]","2","4",0.0854831580570257
"H31-K79[me]","2","8",0.205436937152012
"H31-K79[me]","3","1",0.062007717522767
"H31-K79[me]","3","2",0.145860856237565
"H31-K79[me]","3","4",0.312498448749169
"H31-K79[me]","3","8",0.551685673702885
"H31-K79[me]","3","100",NA
"H31-K79[un]","1","1",0.117942876173641
"H31-K79[un]","1","2",0.033567370057862
"H31-K79[un]","1","4",0.0130885757643541
"H31-K79[un]","1","8",0.00802537008868054
"H31-K79[un]","1","100",NA
"H31-K79[un]","2","1",0.101308755687862
"H31-K79[un]","2","2",0.277428730177516
"H31-K79[un]","2","4",0.0858594957476771
"H31-K79[un]","2","8",0.149572156352567
"H31-K79[un]","3","1",0.106137198317163
"H31-K79[un]","3","2",0.244022713396739
"H31-K79[un]","3","4",0.46819106751984
"H31-K79[un]","3","8",0.293462998977873
"H31-K79[un]","3","100",NA
"H31-K9[ac];K14[ac]","1","1",0.183824872600222
"H31-K9[ac];K14[ac]","1","2",0.192892431326797
"H31-K9[ac];K14[ac]","1","4",0.028301623573662
"H31-K9[ac];K14[ac]","1","8",0.0480296825393439
"H31-K9[ac];K14[ac]","1","100",NA
"H31-K9[ac];K14[ac]","2","1",0.172678280318351
"H31-K9[ac];K14[ac]","2","2",0.277319419431261
"H31-K9[ac];K14[ac]","2","4",0.207483467119784
"H31-K9[ac];K14[ac]","2","8",0.167886202566656
"H31-K9[ac];K14[ac]","3","1",0.324003883268783
"H31-K9[ac];K14[ac]","3","2",0.214406453911315
"H31-K9[ac];K14[ac]","3","4",0.63321942126187
"H31-K9[ac];K14[ac]","3","8",0.105570646760494
"H31-K9[ac];K14[ac]","3","100",NA
"H31-K9[me2];K14[ac]","1","1",0.222501298782568
"H31-K9[me2];K14[ac]","1","2",0.155018970372071
"H31-K9[me2];K14[ac]","1","4",0.219013510841235
"H31-K9[me2];K14[ac]","1","8",0.406875883103134
"H31-K9[me2];K14[ac]","1","100",NA
"H31-K9[me2];K14[ac]","2","1",0.177100296215562
"H31-K9[me2];K14[ac]","2","2",0.0726149337999719
"H31-K9[me2];K14[ac]","2","4",0.110751620852389
"H31-K9[me2];K14[ac]","2","8",0.0746958459808228
"H31-K9[me2];K14[ac]","3","1",0.370094643390985
"H31-K9[me2];K14[ac]","3","2",0.131768321164227
"H31-K9[me2];K14[ac]","3","4",0.0618566802249663
"H31-K9[me2];K14[ac]","3","8",0.165563339035847
"H31-K9[me2];K14[ac]","3","100",NA
"H31-K9[me2];K14[un]","1","1",0.07994714483505
"H31-K9[me2];K14[un]","1","2",0.021033337816527
"H31-K9[me2];K14[un]","1","4",0.00067960701618981
"H31-K9[me2];K14[un]","1","8",0.0397101047564017
"H31-K9[me2];K14[un]","1","100",NA
"H31-K9[me2];K14[un]","2","1",0.147031258612257
"H31-K9[me2];K14[un]","2","2",0.0620834752384357
"H31-K9[me2];K14[un]","2","4",0.0352178223737691
"H31-K9[me2];K14[un]","2","8",0.0364885711724673
"H31-K9[me2];K14[un]","3","1",0.136024272771047
"H31-K9[me2];K14[un]","3","2",0.100232193649049
"H31-K9[me2];K14[un]","3","4",0.173826685627559
"H31-K9[me2];K14[un]","3","8",0.0404837344605195
"H31-K9[me2];K14[un]","3","100",NA
"H31-K9[me3];K14[ac]","1","1",0.0412130363946086
"H31-K9[me3];K14[ac]","1","2",0.00984466738573538
"H31-K9[me3];K14[ac]","1","4",0.0468122515063212
"H31-K9[me3];K14[ac]","1","8",0.919927867004177
"H31-K9[me3];K14[ac]","1","100",NA
"H31-K9[me3];K14[ac]","2","1",0.0760256257928093
"H31-K9[me3];K14[ac]","2","2",0.141312597198128
"H31-K9[me3];K14[ac]","2","4",0.0509336769112242
"H31-K9[me3];K14[ac]","2","8",0.0631316877394194
"H31-K9[me3];K14[ac]","3","1",0.427903583648148
"H31-K9[me3];K14[ac]","3","2",0.133034406108453
"H31-K9[me3];K14[ac]","3","4",0.0772115050524391
"H31-K9[me3];K14[ac]","3","8",0.138026159005345
"H31-K9[me3];K14[ac]","3","100",NA
"H31-K9[me3];K14[un]","1","1",0.0414199420801937
"H31-K9[me3];K14[un]","1","2",0.0209132113236257
"H31-K9[me3];K14[un]","1","4",0.0710890935705662
"H31-K9[me3];K14[un]","1","8",0.0130566903740405
"H31-K9[me3];K14[un]","1","100",NA
"H31-K9[me3];K14[un]","2","1",0.0739032719203678
"H31-K9[me3];K14[un]","2","2",0.0473542414186358
"H31-K9[me3];K14[un]","2","4",0.0184453758132916
"H31-K9[me3];K14[un]","2","8",0.0474067641504067
"H31-K9[me3];K14[un]","3","1",0.0277776866761258
"H31-K9[me3];K14[un]","3","2",0.0138753426466919
"H31-K9[me3];K14[un]","3","4",0.0681258473127739
"H31-K9[me3];K14[un]","3","8",0.02703981260871
"H31-K9[me3];K14[un]","3","100",NA
"H31-K9[me];K14[ac]","1","1",0.0595986608814036
"H31-K9[me];K14[ac]","1","2",0.00597938161216752
"H31-K9[me];K14[ac]","1","4",0.0808269920615968
"H31-K9[me];K14[ac]","1","8",0.0567538566801191
"H31-K9[me];K14[ac]","1","100",NA
"H31-K9[me];K14[ac]","2","1",0.121417465806838
"H31-K9[me];K14[ac]","2","2",0.161001991479062
"H31-K9[me];K14[ac]","2","4",0.103702156233962
"H31-K9[me];K14[ac]","2","8",0.0710900974890963
"H31-K9[me];K14[ac]","3","1",0.116804029287112
"H31-K9[me];K14[ac]","3","2",0.0463837421478693
"H31-K9[me];K14[ac]","3","4",0.0468476917529674
"H31-K9[me];K14[ac]","3","8",0.083154272011859
"H31-K9[me];K14[ac]","3","100",NA
"H31-K9[me];K14[un]","1","1",0.0188817412438858
"H31-K9[me];K14[un]","1","2",0.0184912184415407
"H31-K9[me];K14[un]","1","4",0.0138891548246842
"H31-K9[me];K14[un]","1","8",0.0599189417847404
"H31-K9[me];K14[un]","1","100",NA
"H31-K9[me];K14[un]","2","1",0.041310525358155
"H31-K9[me];K14[un]","2","2",0.0599924774193766
"H31-K9[me];K14[un]","2","4",0.0256802619185982
"H31-K9[me];K14[un]","2","8",0.0860974904155437
"H31-K9[me];K14[un]","3","1",0.151802058463989
"H31-K9[me];K14[un]","3","2",0.0694077334184806
"H31-K9[me];K14[un]","3","4",0.0232533895425749
"H31-K9[me];K14[un]","3","8",0.00595578816703621
"H31-K9[me];K14[un]","3","100",NA
"H31-K9[un];K14[ac]","1","1",0.0494967958411885
"H31-K9[un];K14[ac]","1","2",0.00963546963799868
"H31-K9[un];K14[ac]","1","4",0.042466702721413
"H31-K9[un];K14[ac]","1","8",0.0808620405819851
"H31-K9[un];K14[ac]","1","100",NA
"H31-K9[un];K14[ac]","2","1",0.0906234842243087
"H31-K9[un];K14[ac]","2","2",0.0233610745437434
"H31-K9[un];K14[ac]","2","4",0.0530510741157464
"H31-K9[un];K14[ac]","2","8",0.0435542112597907
"H31-K9[un];K14[ac]","3","1",0.175750781640737
"H31-K9[un];K14[ac]","3","2",0.0628758950379308
"H31-K9[un];K14[ac]","3","4",0.0638763154190215
"H31-K9[un];K14[ac]","3","8",0.0314069550534579
"H31-K9[un];K14[ac]","3","100",NA
"H31-K9[un];K14[ub]","1","1",0.299409846528328
"H31-K9[un];K14[ub]","1","2",0.0750728573647464
"H31-K9[un];K14[ub]","1","4",0.151548969286603
"H31-K9[un];K14[ub]","1","8",0.0730329295602883
"H31-K9[un];K14[ub]","1","100",NA
"H31-K9[un];K14[ub]","2","1",0.149594776349927
"H31-K9[un];K14[ub]","2","2",0.149421513250366
"H31-K9[un];K14[ub]","2","4",0.279022054024756
"H31-K9[un];K14[ub]","2","8",1.08092894653756
"H31-K9[un];K14[ub]","3","1",0.486426615492509
"H31-K9[un];K14[ub]","3","2",0.116552249157216
"H31-K9[un];K14[ub]","3","4",0.437573736936397
"H31-K9[un];K14[ub]","3","8",0.0824743645785171
"H31-K9[un];K14[ub]","3","100",NA
"H31-K9[un];K14[un]","1","1",0.035356489350214
"H31-K9[un];K14[un]","1","2",0.0103054114276676
"H31-K9[un];K14[un]","1","4",0.000704692217498058
"H31-K9[un];K14[un]","1","8",0.0884671530403891
"H31-K9[un];K14[un]","1","100",NA
"H31-K9[un];K14[un]","2","1",0.0971061065130065
"H31-K9[un];K14[un]","2","2",0.0426761485138331
"H31-K9[un];K14[un]","2","4",0.0082205053090256
"H31-K9[un];K14[un]","2","8",0.0296770194121745
"H31-K9[un];K14[un]","3","1",0.119301265083715
"H31-K9[un];K14[un]","3","2",0.0363522752551555
"H31-K9[un];K14[un]","3","4",0.0750645576004433
"H31-K9[un];K14[un]","3","8",0.0306941301271596
"H31-K9[un];K14[un]","3","100",NA
"H4-K5[ac];K8[ac];K12[ac];K16[ac]","1","1",0.346335411370545
"H4-K5[ac];K8[ac];K12[ac];K16[ac]","1","2",0.100939128769023
"H4-K5[ac];K8[ac];K12[ac];K16[ac]","1","4",0.332574557079717
"H4-K5[ac];K8[ac];K12[ac];K16[ac]","1","8",0.0933040858922788
"H4-K5[ac];K8[ac];K12[ac];K16[ac]","1","100",NA
"H4-K5[ac];K8[ac];K12[ac];K16[ac]","2","1",0.38785173816011
"H4-K5[ac];K8[ac];K12[ac];K16[ac]","2","2",0.228332543791118
"H4-K5[ac];K8[ac];K12[ac];K16[ac]","2","4",0.0830989319125179
"H4-K5[ac];K8[ac];K12[ac];K16[ac]","2","8",0.368714785935999
"H4-K5[ac];K8[ac];K12[ac];K16[ac]","3","1",0.377927380802606
"H4-K5[ac];K8[ac];K12[ac];K16[ac]","3","2",0.113010588530163
"H4-K5[ac];K8[ac];K12[ac];K16[ac]","3","4",0.461558711576098
"H4-K5[ac];K8[ac];K12[ac];K16[ac]","3","8",0.0689773997571213
"H4-K5[ac];K8[ac];K12[ac];K16[ac]","3","100",NA
"H4-K5[ac];K8[ac];K12[ac];K16[un]","1","1",0.535816036820222
"H4-K5[ac];K8[ac];K12[ac];K16[un]","1","2",0.34462503644762
"H4-K5[ac];K8[ac];K12[ac];K16[un]","1","4",0.190656271609433
"H4-K5[ac];K8[ac];K12[ac];K16[un]","1","8",0.322396177838702
"H4-K5[ac];K8[ac];K12[ac];K16[un]","1","100",NA
"H4-K5[ac];K8[ac];K12[ac];K16[un]","2","1",0.504021501440749
"H4-K5[ac];K8[ac];K12[ac];K16[un]","2","2",0.273974097820245
"H4-K5[ac];K8[ac];K12[ac];K16[un]","2","4",0.361269309062258
"H4-K5[ac];K8[ac];K12[ac];K16[un]","2","8",0.144144518234651
"H4-K5[ac];K8[ac];K12[ac];K16[un]","3","1",0.337226542752102
"H4-K5[ac];K8[ac];K12[ac];K16[un]","3","2",0.367413424945947
"H4-K5[ac];K8[ac];K12[ac];K16[un]","3","4",0.554865439753736
"H4-K5[ac];K8[ac];K12[ac];K16[un]","3","8",0.353831683457304
"H4-K5[ac];K8[ac];K12[ac];K16[un]","3","100",NA
"H4-K5[ac];K8[ac];K12[un];K16[ac]","1","1",0.256416245817165
"H4-K5[ac];K8[ac];K12[un];K16[ac]","1","2",0.229073958475067
"H4-K5[ac];K8[ac];K12[un];K16[ac]","1","4",0.106410014393757
"H4-K5[ac];K8[ac];K12[un];K16[ac]","1","8",0.0219701412035331
"H4-K5[ac];K8[ac];K12[un];K16[ac]","1","100",NA
"H4-K5[ac];K8[ac];K12[un];K16[ac]","2","1",0.262719200460734
"H4-K5[ac];K8[ac];K12[un];K16[ac]","2","2",0.123892742910962
"H4-K5[ac];K8[ac];K12[un];K16[ac]","2","4",0.159634419357745
"H4-K5[ac];K8[ac];K12[un];K16[ac]","2","8",0.13473034015116
"H4-K5[ac];K8[ac];K12[un];K16[ac]","3","1",0.082480421552647
"H4-K5[ac];K8[ac];K12[un];K16[ac]","3","2",0.0682884532349324
"H4-K5[ac];K8[ac];K12[un];K16[ac]","3","4",0.23480111858746
"H4-K5[ac];K8[ac];K12[un];K16[ac]","3","8",0.100936157322815
"H4-K5[ac];K8[ac];K12[un];K16[ac]","3","100",NA
"H4-K5[ac];K8[ac];K12[un];K16[un]","1","1",0.178774168487531
"H4-K5[ac];K8[ac];K12[un];K16[un]","1","2",0.101561964478439
"H4-K5[ac];K8[ac];K12[un];K16[un]","1","4",0.0659889796789418
"H4-K5[ac];K8[ac];K12[un];K16[un]","1","8",0.0339161959268779
"H4-K5[ac];K8[ac];K12[un];K16[un]","1","100",NA
"H4-K5[ac];K8[ac];K12[un];K16[un]","2","1",0.105784882839005
"H4-K5[ac];K8[ac];K12[un];K16[un]","2","2",0.50038626385111
"H4-K5[ac];K8[ac];K12[un];K16[un]","2","4",0.137651138118044
"H4-K5[ac];K8[ac];K12[un];K16[un]","2","8",0.333119670578832
"H4-K5[ac];K8[ac];K12[un];K16[un]","3","1",0.479519580856801
"H4-K5[ac];K8[ac];K12[un];K16[un]","3","2",0.206361631716799
"H4-K5[ac];K8[ac];K12[un];K16[un]","3","4",0.458629523360307
"H4-K5[ac];K8[ac];K12[un];K16[un]","3","8",0.135982580961538
"H4-K5[ac];K8[ac];K12[un];K16[un]","3","100",NA
"H4-K5[ac];K8[un];K12[ac];K16[ac]","1","1",0.263496425237124
"H4-K5[ac];K8[un];K12[ac];K16[ac]","1","2",0.0729015900302047
"H4-K5[ac];K8[un];K12[ac];K16[ac]","1","4",0.232210013442808
"H4-K5[ac];K8[un];K12[ac];K16[ac]","1","8",0.0320654860221539
"H4-K5[ac];K8[un];K12[ac];K16[ac]","1","100",NA
"H4-K5[ac];K8[un];K12[ac];K16[ac]","2","1",0.120898310400084
"H4-K5[ac];K8[un];K12[ac];K16[ac]","2","2",0.18549286528327
"H4-K5[ac];K8[un];K12[ac];K16[ac]","2","4",0.077715692749552
"H4-K5[ac];K8[un];K12[ac];K16[ac]","2","8",0.0624988933847854
"H4-K5[ac];K8[un];K12[ac];K16[ac]","3","1",0.332400742276004
"H4-K5[ac];K8[un];K12[ac];K16[ac]","3","2",0.217080712416076
"H4-K5[ac];K8[un];K12[ac];K16[ac]","3","4",0.202267803024478
"H4-K5[ac];K8[un];K12[ac];K16[ac]","3","8",0.0857075216316114
"H4-K5[ac];K8[un];K12[ac];K16[ac]","3","100",NA
"H4-K5[ac];K8[un];K12[ac];K16[un]","1","1",0.267948937274606
"H4-K5[ac];K8[un];K12[ac];K16[un]","1","2",0.0500522726986668
"H4-K5[ac];K8[un];K12[ac];K16[un]","1","4",0.00583238274147031
"H4-K5[ac];K8[un];K12[ac];K16[un]","1","8",0.0132671942978467
"H4-K5[ac];K8[un];K12[ac];K16[un]","1","100",NA
"H4-K5[ac];K8[un];K12[ac];K16[un]","2","1",0.403292200611923
"H4-K5[ac];K8[un];K12[ac];K16[un]","2","2",0.600731838184176
"H4-K5[ac];K8[un];K12[ac];K16[un]","2","4",0.144821326337434
"H4-K5[ac];K8[un];K12[ac];K16[un]","2","8",0.390059179617131
"H4-K5[ac];K8[un];K12[ac];K16[un]","3","1",0.622761539205741
"H4-K5[ac];K8[un];K12[ac];K16[un]","3","2",0.222960646369519
"H4-K5[ac];K8[un];K12[ac];K16[un]","3","4",0.354184709192741
"H4-K5[ac];K8[un];K12[ac];K16[un]","3","8",0.14363251326783
"H4-K5[ac];K8[un];K12[ac];K16[un]","3","100",NA
"H4-K5[ac];K8[un];K12[un];K16[ac]","1","1",0.0595248670083429
"H4-K5[ac];K8[un];K12[un];K16[ac]","1","2",0.0283145694200409
"H4-K5[ac];K8[un];K12[un];K16[ac]","1","4",0.0198045327682161
"H4-K5[ac];K8[un];K12[un];K16[ac]","1","8",0.0107913787872467
"H4-K5[ac];K8[un];K12[un];K16[ac]","1","100",NA
"H4-K5[ac];K8[un];K12[un];K16[ac]","2","1",0.279669855689574
"H4-K5[ac];K8[un];K12[un];K16[ac]","2","2",0.228903851477196
"H4-K5[ac];K8[un];K12[un];K16[ac]","2","4",0.197357849442596
"H4-K5[ac];K8[un];K12[un];K16[ac]","2","8",0.0609846802217164
"H4-K5[ac];K8[un];K12[un];K16[ac]","3","1",0.167708552317573
"H4-K5[ac];K8[un];K12[un];K16[ac]","3","2",0.0509231704267393
"H4-K5[ac];K8[un];K12[un];K16[ac]","3","4",0.0683086141126277
"H4-K5[ac];K8[un];K12[un];K16[ac]","3","8",0.0471730584129117
"H4-K5[ac];K8[un];K12[un];K16[ac]","3","100",NA
"H4-K5[ac];K8[un];K12[un];K16[un]","1","1",0.134010970015938
"H4-K5[ac];K8[un];K12[un];K16[un]","1","2",0.0767500632525732
"H4-K5[ac];K8[un];K12[un];K16[un]","1","4",0.0584471924344308
"H4-K5[ac];K8[un];K12[un];K16[un]","1","8",0.0130845127123931
"H4-K5[ac];K8[un];K12[un];K16[un]","1","100",NA
"H4-K5[ac];K8[un];K12[un];K16[un]","2","1",0.0837871115932046
"H4-K5[ac];K8[un];K12[un];K16[un]","2","2",0.165053664083521
"H4-K5[ac];K8[un];K12[un];K16[un]","2","4",0.148739792350977
"H4-K5[ac];K8[un];K12[un];K16[un]","2","8",0.267505330177401
"H4-K5[ac];K8[un];K12[un];K16[un]","3","1",0.132369434545756
"H4-K5[ac];K8[un];K12[un];K16[un]","3","2",0.0630271931671164
"H4-K5[ac];K8[un];K12[un];K16[un]","3","4",0.102792607567144
"H4-K5[ac];K8[un];K12[un];K16[un]","3","8",0.0770330546250356
"H4-K5[ac];K8[un];K12[un];K16[un]","3","100",NA
"H4-K5[un];K8[ac];K12[ac];K16[ac]","1","1",0.277779439024787
"H4-K5[un];K8[ac];K12[ac];K16[ac]","1","2",0.155401601932782
"H4-K5[un];K8[ac];K12[ac];K16[ac]","1","4",0.197184120623421
"H4-K5[un];K8[ac];K12[ac];K16[ac]","1","8",0.0251880333357637
"H4-K5[un];K8[ac];K12[ac];K16[ac]","1","100",NA
"H4-K5[un];K8[ac];K12[ac];K16[ac]","2","1",0.0703345312305457
"H4-K5[un];K8[ac];K12[ac];K16[ac]","2","2",0.233527328162431
"H4-K5[un];K8[ac];K12[ac];K16[ac]","2","4",0.044489815341535
"H4-K5[un];K8[ac];K12[ac];K16[ac]","2","8",0.181805898849318
"H4-K5[un];K8[ac];K12[ac];K16[ac]","3","1",0.292562876760816
"H4-K5[un];K8[ac];K12[ac];K16[ac]","3","2",0.158818719782536
"H4-K5[un];K8[ac];K12[ac];K16[ac]","3","4",0.148061144110397
"H4-K5[un];K8[ac];K12[ac];K16[ac]","3","8",0.0954551779905131
"H4-K5[un];K8[ac];K12[ac];K16[ac]","3","100",NA
"H4-K5[un];K8[ac];K12[ac];K16[un]","1","1",0.253093060032733
"H4-K5[un];K8[ac];K12[ac];K16[un]","1","2",0.0985077400639483
"H4-K5[un];K8[ac];K12[ac];K16[un]","1","4",0.086057863182631
"H4-K5[un];K8[ac];K12[ac];K16[un]","1","8",0.0180846203743033
"H4-K5[un];K8[ac];K12[ac];K16[un]","1","100",NA
"H4-K5[un];K8[ac];K12[ac];K16[un]","2","1",0.271126044151976
"H4-K5[un];K8[ac];K12[ac];K16[un]","2","2",0.235515426646361
"H4-K5[un];K8[ac];K12[ac];K16[un]","2","4",0.283911690405884
"H4-K5[un];K8[ac];K12[ac];K16[un]","2","8",0.390807854784444
"H4-K5[un];K8[ac];K12[ac];K16[un]","3","1",0.428566932329709
"H4-K5[un];K8[ac];K12[ac];K16[un]","3","2",0.129655484544667
"H4-K5[un];K8[ac];K12[ac];K16[un]","3","4",0.240351427706914
"H4-K5[un];K8[ac];K12[ac];K16[un]","3","8",0.211415053423961
"H4-K5[un];K8[ac];K12[ac];K16[un]","3","100",NA
"H4-K5[un];K8[ac];K12[un];K16[ac]","1","1",0.0656716179031296
"H4-K5[un];K8[ac];K12[un];K16[ac]","1","2",0.0211400278730428
"H4-K5[un];K8[ac];K12[un];K16[ac]","1","4",0.0292165308952846
"H4-K5[un];K8[ac];K12[un];K16[ac]","1","8",0.00818403188776771
"H4-K5[un];K8[ac];K12[un];K16[ac]","1","100",NA
"H4-K5[un];K8[ac];K12[un];K16[ac]","2","1",0.309606356295245
"H4-K5[un];K8[ac];K12[un];K16[ac]","2","2",0.159351744193451
"H4-K5[un];K8[ac];K12[un];K16[ac]","2","4",0.232083099066208
"H4-K5[un];K8[ac];K12[un];K16[ac]","2","8",0.535108008905723
"H4-K5[un];K8[ac];K12[un];K16[ac]","3","1",0.206008758635476
"H4-K5[un];K8[ac];K12[un];K16[ac]","3","2",0.0138278855174522
"H4-K5[un];K8[ac];K12[un];K16[ac]","3","4",0.067742426913986
"H4-K5[un];K8[ac];K12[un];K16[ac]","3","8",0.030198164556763
"H4-K5[un];K8[ac];K12[un];K16[ac]","3","100",NA
"H4-K5[un];K8[ac];K12[un];K16[un]","1","1",0.101137552761117
"H4-K5[un];K8[ac];K12[un];K16[un]","1","2",0.0463940627270556
"H4-K5[un];K8[ac];K12[un];K16[un]","1","4",0.00423626305928883
"H4-K5[un];K8[ac];K12[un];K16[un]","1","8",0.0167561338284626
"H4-K5[un];K8[ac];K12[un];K16[un]","1","100",NA
"H4-K5[un];K8[ac];K12[un];K16[un]","2","1",0.144356693390005
"H4-K5[un];K8[ac];K12[un];K16[un]","2","2",0.541383897985519
"H4-K5[un];K8[ac];K12[un];K16[un]","2","4",0.133979464874175
"H4-K5[un];K8[ac];K12[un];K16[un]","2","8",0.256348047137038
"H4-K5[un];K8[ac];K12[un];K16[un]","3","1",0.2167793816142
"H4-K5[un];K8[ac];K12[un];K16[un]","3","2",0.0274864374203313
"H4-K5[un];K8[ac];K12[un];K16[un]","3","4",0.131025849035654
"H4-K5[un];K8[ac];K12[un];K16[un]","3","8",0.0359778467167332
"H4-K5[un];K8[ac];K12[un];K16[un]","3","100",NA
"H4-K5[un];K8[un];K12[ac];K16[ac]","1","1",0.0495843578974194
"H4-K5[un];K8[un];K12[ac];K16[ac]","1","2",0.0139141947041635
"H4-K5[un];K8[un];K12[ac];K16[ac]","1","4",0.0306643241815921
"H4-K5[un];K8[un];K12[ac];K16[ac]","1","8",0.00767866786212065
"H4-K5[un];K8[un];K12[ac];K16[ac]","1","100",NA
"H4-K5[un];K8[un];K12[ac];K16[ac]","2","1",0.291530943591491
"H4-K5[un];K8[un];K12[ac];K16[ac]","2","2",0.270695831865693
"H4-K5[un];K8[un];K12[ac];K16[ac]","2","4",0.207308940323127
"H4-K5[un];K8[un];K12[ac];K16[ac]","2","8",0.58422838022246
"H4-K5[un];K8[un];K12[ac];K16[ac]","3","1",0.151932148633889
"H4-K5[un];K8[un];K12[ac];K16[ac]","3","2",0.0578961440847128
"H4-K5[un];K8[un];K12[ac];K16[ac]","3","4",0.0664092913698546
"H4-K5[un];K8[un];K12[ac];K16[ac]","3","8",0.0412705348470859
"H4-K5[un];K8[un];K12[ac];K16[ac]","3","100",NA
"H4-K5[un];K8[un];K12[ac];K16[un]","1","1",0.113889323621714
"H4-K5[un];K8[un];K12[ac];K16[un]","1","2",0.0453961883582603
"H4-K5[un];K8[un];K12[ac];K16[un]","1","4",0.0144493790415852
"H4-K5[un];K8[un];K12[ac];K16[un]","1","8",0.0191567831094746
"H4-K5[un];K8[un];K12[ac];K16[un]","1","100",NA
"H4-K5[un];K8[un];K12[ac];K16[un]","2","1",0.0588629296477094
"H4-K5[un];K8[un];K12[ac];K16[un]","2","2",0.142216551904218
"H4-K5[un];K8[un];K12[ac];K16[un]","2","4",0.0261502418122364
"H4-K5[un];K8[un];K12[ac];K16[un]","2","8",0.0997644517605702
"H4-K5[un];K8[un];K12[ac];K16[un]","3","1",0.23038333645946
"H4-K5[un];K8[un];K12[ac];K16[un]","3","2",0.0591608515627294
"H4-K5[un];K8[un];K12[ac];K16[un]","3","4",0.128730376995692
"H4-K5[un];K8[un];K12[ac];K16[un]","3","8",0.0560523621793342
"H4-K5[un];K8[un];K12[ac];K16[un]","3","100",NA
"H4-K5[un];K8[un];K12[un];K16[ac]","1","1",0.0184411971756086
"H4-K5[un];K8[un];K12[un];K16[ac]","1","2",0.0350589141099684
"H4-K5[un];K8[un];K12[un];K16[ac]","1","4",0.006737622423687
"H4-K5[un];K8[un];K12[un];K16[ac]","1","8",0.0222608740151022
"H4-K5[un];K8[un];K12[un];K16[ac]","1","100",NA
"H4-K5[un];K8[un];K12[un];K16[ac]","2","1",0.0404525808337351
"H4-K5[un];K8[un];K12[un];K16[ac]","2","2",0.0697188167244038
"H4-K5[un];K8[un];K12[un];K16[ac]","2","4",0.073479262236687
"H4-K5[un];K8[un];K12[un];K16[ac]","2","8",0.186744791026081
"H4-K5[un];K8[un];K12[un];K16[ac]","3","1",0.090599027385708
"H4-K5[un];K8[un];K12[un];K16[ac]","3","2",0.0317724569847002
"H4-K5[un];K8[un];K12[un];K16[ac]","3","4",0.0426163765625104
"H4-K5[un];K8[un];K12[un];K16[ac]","3","8",0.0262606791366871
"H4-K5[un];K8[un];K12[un];K16[ac]","3","100",NA
"H4-K5[un];K8[un];K12[un];K16[un]","1","1",0.0121721151353877
"H4-K5[un];K8[un];K12[un];K16[un]","1","2",0.0113296676716774
"H4-K5[un];K8[un];K12[un];K16[un]","1","4",0.0163001415481432
"H4-K5[un];K8[un];K12[un];K16[un]","1","8",0.0174146650887819
"H4-K5[un];K8[un];K12[un];K16[un]","1","100",NA
"H4-K5[un];K8[un];K12[un];K16[un]","2","1",0.0594100155457769
"H4-K5[un];K8[un];K12[un];K16[un]","2","2",0.0619558261513245
"H4-K5[un];K8[un];K12[un];K16[un]","2","4",0.0818268593395184
"H4-K5[un];K8[un];K12[un];K16[un]","2","8",0.0834765606224905
"H4-K5[un];K8[un];K12[un];K16[un]","3","1",0.0787207956027397
"H4-K5[un];K8[un];K12[un];K16[un]","3","2",0.0162711498925839
"H4-K5[un];K8[un];K12[un];K16[un]","3","4",0.04304246762455
"H4-K5[un];K8[un];K12[un];K16[un]","3","8",0.0101813080299247
"H4-K5[un];K8[un];K12[un];K16[un]","3","100",NA
