folder,filename,gradient,date,experiment,replicate,well,type,multiplier,condition,run_id,notes
auto_2_cells,BM20231010_Ultra_IO25_200nl_30min_230907_auto_2_B3_empty_Slot1-1_1_3417.d,30,230907,auto,2,B3,cell,0,,3417,
auto_2_cells,BM20231010_Ultra_IO25_200nl_30min_230907_auto_2_C3_100cell_Slot1-1_1_3400.d,30,230907,auto,2,C3,cell,100,,3400,5 min shift in RT due to gradient testing
auto_2_cells,BM20231010_Ultra_IO25_200nl_30min_230907_auto_2_E2_1cell_Slot1-1_1_3420.d,30,230907,auto,2,E2,cell,1,,3420,
auto_2_cells,BM20231010_Ultra_IO25_200nl_30min_230907_auto_2_E3_1cell_Slot1-1_1_3418.d,30,230907,auto,2,E3,cell,1,,3418,
auto_2_cells,BM20231010_Ultra_IO25_200nl_30min_230907_auto_2_F2_1cell_Slot1-1_1_3421.d,30,230907,auto,2,F2,cell,1,,3421,
auto_2_cells,BM20231010_Ultra_IO25_200nl_30min_230907_auto_2_F3_1cell_Slot1-1_1_3419.d,30,230907,auto,2,F3,cell,1,,3419,
auto_2_cells,BM20231010_Ultra_IO25_200nl_30min_230907_auto_2_G3_2cell_Slot1-1_1_3422.d,30,230907,auto,2,G3,cell,2,,3422,
auto_2_cells,BM20231010_Ultra_IO25_200nl_30min_230907_auto_2_H3_2cell_Slot1-1_1_3423.d,30,230907,auto,2,H3,cell,2,,3423,
auto_2_cells,BM20231010_Ultra_IO25_200nl_30min_230907_auto_2_I3_2cell_Slot1-1_1_3424.d,30,230907,auto,2,I3,cell,2,,3424,
auto_2_cells,BM20231010_Ultra_IO25_200nl_30min_230907_auto_2_J3_4cell_Slot1-1_1_3425.d,30,230907,auto,2,J3,cell,4,,3425,
auto_2_cells,BM20231010_Ultra_IO25_200nl_30min_230907_auto_2_K3_4cell_Slot1-1_1_3426.d,30,230907,auto,2,K3,cell,4,,3426,
auto_2_cells,BM20231010_Ultra_IO25_200nl_30min_230907_auto_2_L3_4cell_Slot1-1_1_3427.d,30,230907,auto,2,L3,cell,4,,3427,
auto_2_cells,BM20231010_Ultra_IO25_200nl_30min_230907_auto_2_M3_8cell_Slot1-1_1_3428.d,30,230907,auto,2,M3,cell,8,,3428,
auto_2_cells,BM20231010_Ultra_IO25_200nl_30min_230907_auto_2_N3_8cell_Slot1-1_1_3429.d,30,230907,auto,2,N3,cell,8,,3429,
auto_2_cells,BM20231010_Ultra_IO25_200nl_30min_230907_auto_2_O3_8cell_Slot1-1_1_3430.d,30,230907,auto,2,O3,cell,8,,3430,
auto_2_hist,BM20231010_Ultra_IO25_200nl_30min_230907_auto_2_B5_histStand_empty_Slot1-1_1_3403.d,30,230907,auto,2,B5,standard,0,,3403,
auto_2_hist,BM20231010_Ultra_IO25_200nl_30min_230907_auto_2_D5_histStand_1_Slot1-1_1_3404.d,30,230907,auto,2,D5,standard,1,,3404,
auto_2_hist,BM20231010_Ultra_IO25_200nl_30min_230907_auto_2_E5_histStand_1_Slot1-1_1_3405.d,30,230907,auto,2,E5,standard,1,,3405,
auto_2_hist,BM20231010_Ultra_IO25_200nl_30min_230907_auto_2_F5_histStand_1_Slot1-1_1_3406.d,30,230907,auto,2,F5,standard,1,,3406,
auto_2_hist,BM20231010_Ultra_IO25_200nl_30min_230907_auto_2_G5_histStand_2_Slot1-1_1_3407.d,30,230907,auto,2,G5,standard,2,,3407,
auto_2_hist,BM20231010_Ultra_IO25_200nl_30min_230907_auto_2_H5_histStand_2_Slot1-1_1_3408.d,30,230907,auto,2,H5,standard,2,,3408,
auto_2_hist,BM20231010_Ultra_IO25_200nl_30min_230907_auto_2_I5_histStand_2_Slot1-1_1_3409.d,30,230907,auto,2,I5,standard,2,,3409,
auto_2_hist,BM20231010_Ultra_IO25_200nl_30min_230907_auto_2_J5_histStand_4_Slot1-1_1_3410.d,30,230907,auto,2,J5,standard,4,,3410,
auto_2_hist,BM20231010_Ultra_IO25_200nl_30min_230907_auto_2_K5_histStand_4_Slot1-1_1_3411.d,30,230907,auto,2,K5,standard,4,,3411,
auto_2_hist,BM20231010_Ultra_IO25_200nl_30min_230907_auto_2_L5_histStand_4_Slot1-1_1_3412.d,30,230907,auto,2,L5,standard,4,,3412,
auto_2_hist,BM20231010_Ultra_IO25_200nl_30min_230907_auto_2_M5_histStand_8_Slot1-1_1_3413.d,30,230907,auto,2,M5,standard,8,,3413,
auto_2_hist,BM20231010_Ultra_IO25_200nl_30min_230907_auto_2_N5_histStand_8_Slot1-1_1_3414.d,30,230907,auto,2,N5,standard,8,,3414,
auto_2_hist,BM20231010_Ultra_IO25_200nl_30min_230907_auto_2_O5_histStand_8_Slot1-1_1_3415.d,30,230907,auto,2,O5,standard,8,,3415,
auto_2_redo,BM20231023_Ultra_IO25_200nl_30min_230907_auto_2_M2_8cell_Slot1-1_1_3635.d,30,230907,auto,2,M2,cell,8,,3635,
auto_2_redo,BM20231023_Ultra_IO25_200nl_30min_230907_auto_2_N2_8cell_Slot1-1_1_3636.d,30,230907,auto,2,N2,cell,8,,3636,
auto_4_5cm_cells,BM20231010_Ultra_IO25_200nl_15min_230910_auto_4_C2_100_Slot1-1_1_3777.d,15,230910,auto,4,C2,cell,100,,3777,
auto_4_5cm_cells,BM20231010_Ultra_IO25_200nl_15min_230910_auto_4_C3_100_Slot1-1_1_3778.d,15,230910,auto,4,C3,cell,100,,3778,
auto_4_cells,BM20231010_Ultra_IO25_200nl_30min_230910_auto_4_B4_empty_Slot1-1_1_3491.d,30,230910,auto,4,B4,cell,0,,3491,
auto_4_cells,BM20231010_Ultra_IO25_200nl_30min_230910_auto_4_C4_100cell_Slot1-1_1_3505.d,30,230910,auto,4,C4,cell,100,,3505,
auto_4_cells,BM20231010_Ultra_IO25_200nl_30min_230910_auto_4_D3_1cell_Slot1-1_1_3495.d,30,230910,auto,4,D3,cell,1,,3495,
auto_4_cells,BM20231010_Ultra_IO25_200nl_30min_230910_auto_4_D4_1cell_Slot1-1_1_3492.d,30,230910,auto,4,D4,cell,1,,3492,
auto_4_cells,BM20231010_Ultra_IO25_200nl_30min_230910_auto_4_E4_1cell_Slot1-1_1_3493.d,30,230910,auto,4,E4,cell,1,,3493,
auto_4_cells,BM20231010_Ultra_IO25_200nl_30min_230910_auto_4_F4_1cell_Slot1-1_1_3494.d,30,230910,auto,4,F4,cell,1,,3494,
auto_4_cells,BM20231010_Ultra_IO25_200nl_30min_230910_auto_4_G4_2cell_Slot1-1_1_3496.d,30,230910,auto,4,G4,cell,2,,3496,
auto_4_cells,BM20231010_Ultra_IO25_200nl_30min_230910_auto_4_H4_2cell_Slot1-1_1_3497.d,30,230910,auto,4,H4,cell,2,,3497,
auto_4_cells,BM20231010_Ultra_IO25_200nl_30min_230910_auto_4_I4_2cell_Slot1-1_1_3498.d,30,230910,auto,4,I4,cell,2,,3498,
auto_4_cells,BM20231010_Ultra_IO25_200nl_30min_230910_auto_4_J4_4cell_Slot1-1_1_3499.d,30,230910,auto,4,J4,cell,4,,3499,
auto_4_cells,BM20231010_Ultra_IO25_200nl_30min_230910_auto_4_K4_4cell_Slot1-1_1_3500.d,30,230910,auto,4,K4,cell,4,,3500,
auto_4_cells,BM20231010_Ultra_IO25_200nl_30min_230910_auto_4_L4_4cell_Slot1-1_1_3501.d,30,230910,auto,4,L4,cell,4,,3501,
auto_4_cells,BM20231010_Ultra_IO25_200nl_30min_230910_auto_4_M4_8cell_Slot1-1_1_3502.d,30,230910,auto,4,M4,cell,8,,3502,
auto_4_cells,BM20231010_Ultra_IO25_200nl_30min_230910_auto_4_N4_8cell_Slot1-1_1_3503.d,30,230910,auto,4,N4,cell,8,,3503,
auto_4_cells,BM20231010_Ultra_IO25_200nl_30min_230910_auto_4_O4_8cell_Slot1-1_1_3504.d,30,230910,auto,4,O4,cell,8,,3504,
auto_4_hist,BM20231010_Ultra_IO25_200nl_30min_230910_auto_4_B5_histStand_empty_Slot1-1_1_3476.d,30,230910,auto,4,B5,standard,0,,3476,
auto_4_hist,BM20231010_Ultra_IO25_200nl_30min_230910_auto_4_C5_histStand_100_Slot1-1_1_3489.d,30,230910,auto,4,C5,standard,100,,3489,
auto_4_hist,BM20231010_Ultra_IO25_200nl_30min_230910_auto_4_D5_histStand_1_Slot1-1_1_3477.d,30,230910,auto,4,D5,standard,1,,3477,
auto_4_hist,BM20231010_Ultra_IO25_200nl_30min_230910_auto_4_E5_histStand_1_Slot1-1_1_3478.d,30,230910,auto,4,E5,standard,1,,3478,
auto_4_hist,BM20231010_Ultra_IO25_200nl_30min_230910_auto_4_F5_histStand_1_Slot1-1_1_3479.d,30,230910,auto,4,F5,standard,1,,3479,
auto_4_hist,BM20231010_Ultra_IO25_200nl_30min_230910_auto_4_G5_histStand_2_Slot1-1_1_3480.d,30,230910,auto,4,G5,standard,2,,3480,
auto_4_hist,BM20231010_Ultra_IO25_200nl_30min_230910_auto_4_H5_histStand_2_Slot1-1_1_3481.d,30,230910,auto,4,H5,standard,2,,3481,
auto_4_hist,BM20231010_Ultra_IO25_200nl_30min_230910_auto_4_I5_histStand_2_Slot1-1_1_3482.d,30,230910,auto,4,I5,standard,2,,3482,
auto_4_hist,BM20231010_Ultra_IO25_200nl_30min_230910_auto_4_J5_histStand_4_Slot1-1_1_3483.d,30,230910,auto,4,J5,standard,4,,3483,
auto_4_hist,BM20231010_Ultra_IO25_200nl_30min_230910_auto_4_K5_histStand_4_Slot1-1_1_3484.d,30,230910,auto,4,K5,standard,4,,3484,
auto_4_hist,BM20231010_Ultra_IO25_200nl_30min_230910_auto_4_L5_histStand_4_Slot1-1_1_3485.d,30,230910,auto,4,L5,standard,4,,3485,
auto_4_hist,BM20231010_Ultra_IO25_200nl_30min_230910_auto_4_M5_histStand_8_Slot1-1_1_3486.d,30,230910,auto,4,M5,standard,8,,3486,
auto_4_hist,BM20231010_Ultra_IO25_200nl_30min_230910_auto_4_N5_histStand_8_Slot1-1_1_3487.d,30,230910,auto,4,N5,standard,8,,3487,
auto_4_hist,BM20231010_Ultra_IO25_200nl_30min_230910_auto_4_O5_histStand_8_Slot1-1_1_3488.d,30,230910,auto,4,O5,standard,8,,3488,
man_2_cells,BM20231010_Ultra_IO25_200nl_30min_230906_man_2_C4_100cell_Slot1-1_1_3538.d,30,230906,man,2,C4,cell,100,,3538,
man_2_cells,BM20231010_Ultra_IO25_200nl_30min_230906_man_2_D3_1cell_Slot1-1_1_3528.d,30,230906,man,2,D3,cell,1,,3528,
man_2_cells,BM20231010_Ultra_IO25_200nl_30min_230906_man_2_D4_1cell_Slot1-1_1_3525.d,30,230906,man,2,D4,cell,1,,3525,
man_2_cells,BM20231010_Ultra_IO25_200nl_30min_230906_man_2_E4_1cell_Slot1-1_1_3526.d,30,230906,man,2,E4,cell,1,,3526,
man_2_cells,BM20231010_Ultra_IO25_200nl_30min_230906_man_2_F4_1cell_Slot1-1_1_3527.d,30,230906,man,2,F4,cell,1,,3527,
man_2_cells,BM20231010_Ultra_IO25_200nl_30min_230906_man_2_G4_2cell_Slot1-1_1_3529.d,30,230906,man,2,G4,cell,2,,3529,
man_2_cells,BM20231010_Ultra_IO25_200nl_30min_230906_man_2_H4_2cell_Slot1-1_1_3530.d,30,230906,man,2,H4,cell,2,,3530,
man_2_cells,BM20231010_Ultra_IO25_200nl_30min_230906_man_2_I4_2cell_Slot1-1_1_3531.d,30,230906,man,2,I4,cell,2,,3531,
man_2_cells,BM20231010_Ultra_IO25_200nl_30min_230906_man_2_J4_4cell_Slot1-1_1_3532.d,30,230906,man,2,J4,cell,4,,3532,
man_2_cells,BM20231010_Ultra_IO25_200nl_30min_230906_man_2_K4_4cell_Slot1-1_1_3533.d,30,230906,man,2,K4,cell,4,,3533,
man_2_cells,BM20231010_Ultra_IO25_200nl_30min_230906_man_2_L4_4cell_Slot1-1_1_3534.d,30,230906,man,2,L4,cell,4,,3534,
man_2_cells,BM20231010_Ultra_IO25_200nl_30min_230906_man_2_M4_8cell_Slot1-1_1_3535.d,30,230906,man,2,M4,cell,8,,3535,
man_2_cells,BM20231010_Ultra_IO25_200nl_30min_230906_man_2_N4_8cell_Slot1-1_1_3536.d,30,230906,man,2,N4,cell,8,,3536,
man_2_cells,BM20231010_Ultra_IO25_200nl_30min_230906_man_2_O4_8cell_Slot1-1_1_3537.d,30,230906,man,2,O4,cell,8,,3537,
man_2_hist,BM20231010_Ultra_IO25_200nl_30min_230906_man_2_B5_histStand_empty_Slot1-1_1_3509.d,30,230906,man,2,B5,standard,0,,3509,
man_2_hist,BM20231010_Ultra_IO25_200nl_30min_230906_man_2_C5_histStand_100_Slot1-1_1_3522.d,30,230906,man,2,C5,standard,100,,3522,
man_2_hist,BM20231010_Ultra_IO25_200nl_30min_230906_man_2_D5_histStand_1_Slot1-1_1_3510.d,30,230906,man,2,D5,standard,1,,3510,
man_2_hist,BM20231010_Ultra_IO25_200nl_30min_230906_man_2_E5_histStand_1_Slot1-1_1_3511.d,30,230906,man,2,E5,standard,1,,3511,
man_2_hist,BM20231010_Ultra_IO25_200nl_30min_230906_man_2_F5_histStand_1_Slot1-1_1_3512.d,30,230906,man,2,F5,standard,1,,3512,
man_2_hist,BM20231010_Ultra_IO25_200nl_30min_230906_man_2_G5_histStand_2_Slot1-1_1_3513.d,30,230906,man,2,G5,standard,2,,3513,
man_2_hist,BM20231010_Ultra_IO25_200nl_30min_230906_man_2_H5_histStand_2_Slot1-1_1_3514.d,30,230906,man,2,H5,standard,2,,3514,
man_2_hist,BM20231010_Ultra_IO25_200nl_30min_230906_man_2_I5_histStand_2_Slot1-1_1_3515.d,30,230906,man,2,I5,standard,2,,3515,
man_2_hist,BM20231010_Ultra_IO25_200nl_30min_230906_man_2_J5_histStand_4_Slot1-1_1_3516.d,30,230906,man,2,J5,standard,4,,3516,
man_2_hist,BM20231010_Ultra_IO25_200nl_30min_230906_man_2_K5_histStand_4_Slot1-1_1_3517.d,30,230906,man,2,K5,standard,4,,3517,
man_2_hist,BM20231010_Ultra_IO25_200nl_30min_230906_man_2_L5_histStand_4_Slot1-1_1_3518.d,30,230906,man,2,L5,standard,4,,3518,
man_2_hist,BM20231010_Ultra_IO25_200nl_30min_230906_man_2_M5_histStand_8_Slot1-1_1_3519.d,30,230906,man,2,M5,standard,8,,3519,
man_2_hist,BM20231010_Ultra_IO25_200nl_30min_230906_man_2_N5_histStand_8_Slot1-1_1_3520.d,30,230906,man,2,N5,standard,8,,3520,
man_2_hist,BM20231010_Ultra_IO25_200nl_30min_230906_man_2_O5_histStand_8_Slot1-1_1_3521.d,30,230906,man,2,O5,standard,8,,3521,
nabut_1_5cm_5min_cells,BM20231029_Ultra_IO5_200nl_5min_230906_nabut_1_O3_mix_Slot1-1_1_3825.d,5,230906,nabut,1,O3,cell,1,mix,3825,
nabut_1_5cm_5min_cells,BM20231029_Ultra_IO5_200nl_5min_230906_nabut_1_N3_mix_Slot1-1_1_3824.d,5,230906,nabut,1,N3,cell,1,mix,3824,
nabut_1_5cm_5min_cells,BM20231029_Ultra_IO5_200nl_5min_230906_nabut_1_M3_mix_Slot1-1_1_3823.d,5,230906,nabut,1,M3,cell,1,mix,3823,
nabut_1_5cm_cells,BM20231029_Ultra_IO5_200nl_15min_230906_nabut_1_B5_blank_Slot1-1_1_3780.d,15,230906,nabut,1,B5,cell,0,,3780,
nabut_1_5cm_cells,BM20231029_Ultra_IO5_200nl_15min_230906_nabut_1_J3_mix_Slot1-1_1_3811.d,15,230906,nabut,1,J3,cell,1,mix,3811,
nabut_1_5cm_cells,BM20231029_Ultra_IO5_200nl_15min_230906_nabut_1_J4_ctrl_Slot1-1_1_3781.d,15,230906,nabut,1,J4,cell,1,control,3781,
nabut_1_5cm_cells,BM20231029_Ultra_IO5_200nl_15min_230906_nabut_1_K3_mix_Slot1-1_1_3812.d,15,230906,nabut,1,K3,cell,1,mix,3812,
nabut_1_5cm_cells,BM20231029_Ultra_IO5_200nl_15min_230906_nabut_1_K4_ctrl_Slot1-1_1_3782.d,15,230906,nabut,1,K4,cell,1,control,3782,
nabut_1_5cm_cells,BM20231029_Ultra_IO5_200nl_15min_230906_nabut_1_K5_treat_Slot1-1_1_3800.d,15,230906,nabut,1,K5,cell,1,treat,3800,
nabut_1_5cm_cells,BM20231029_Ultra_IO5_200nl_15min_230906_nabut_1_L3_mix_Slot1-1_1_3813.d,15,230906,nabut,1,L3,cell,1,mix,3813,
nabut_1_5cm_cells,BM20231029_Ultra_IO5_200nl_15min_230906_nabut_1_L4_ctrl_Slot1-1_1_3783.d,15,230906,nabut,1,L4,cell,1,control,3783,
nabut_1_5cm_cells,BM20231029_Ultra_IO5_200nl_15min_230906_nabut_1_L5_treat_Slot1-1_1_3801.d,15,230906,nabut,1,L5,cell,1,treat,3801,
nabut_1_5cm_cells,BM20231029_Ultra_IO5_200nl_15min_230906_nabut_1_M4_ctrl_Slot1-1_1_3784.d,15,230906,nabut,1,M4,cell,1,control,3784,
nabut_1_5cm_cells,BM20231029_Ultra_IO5_200nl_15min_230906_nabut_1_M5_treat_Slot1-1_1_3802.d,15,230906,nabut,1,M5,cell,1,treat,3802,
nabut_1_5cm_cells,BM20231029_Ultra_IO5_200nl_15min_230906_nabut_1_N4_ctrl_Slot1-1_1_3785.d,15,230906,nabut,1,N4,cell,1,control,3785,
nabut_1_5cm_cells,BM20231029_Ultra_IO5_200nl_15min_230906_nabut_1_N5_treat_Slot1-1_1_3803.d,15,230906,nabut,1,N5,cell,1,treat,3803,
nabut_1_5cm_cells,BM20231029_Ultra_IO5_200nl_15min_230906_nabut_1_O4_ctrl_Slot1-1_1_3786.d,15,230906,nabut,1,O4,cell,1,control,3786,
nabut_1_5cm_cells,BM20231029_Ultra_IO5_200nl_15min_230906_nabut_1_O5_treat_Slot1-1_1_3804.d,15,230906,nabut,1,O5,cell,1,treat,3804,
nabut_1_5cm_hist,BM20231010_Ultra_IO25_200nl_30min_230906_nabut_1_histStand_E6_1_Slot1-1_1_3768.d,15,230906,nabut,1,E6,standard,1,,3768,
nabut_1_5cm_hist,BM20231010_Ultra_IO25_200nl_30min_230906_nabut_1_histStand_H6_2_Slot1-1_1_3769.d,15,230906,nabut,1,H6,standard,2,,3769,
nabut_1_5cm_hist,BM20231010_Ultra_IO25_200nl_30min_230906_nabut_1_histStand_K6_4_Slot1-1_1_3770.d,15,230906,nabut,1,K6,standard,4,,3770,
nabut_1_5cm_hist,BM20231010_Ultra_IO25_200nl_30min_230906_nabut_1_histStand_N6_8_Slot1-1_1_3771.d,15,230906,nabut,1,N6,standard,8,,3771,
nabut_1_cells,BM20231010_Ultra_IO25_200nl_30min_230906_nabut_1_B4_empty_Slot1-1_1_3712.d,30,230906,nabut,1,B4,cell,0,,3712,
nabut_1_cells,BM20231010_Ultra_IO25_200nl_30min_230906_nabut_1_C2_ctrl_100_Slot1-1_1_3703.d,30,230906,nabut,1,C2,cell,100,control,3703,
nabut_1_cells,BM20231010_Ultra_IO25_200nl_30min_230906_nabut_1_C3_treat_100_Slot1-1_1_3665.d,30,230906,nabut,1,C3,cell,100,treat,3665,
nabut_1_cells,BM20231010_Ultra_IO25_200nl_30min_230906_nabut_1_C4_ctrl_100_Slot1-1_1_3704.d,30,230906,nabut,1,C4,cell,100,control,3704,
nabut_1_cells,BM20231010_Ultra_IO25_200nl_30min_230906_nabut_1_C5_treat_100_Slot1-1_1_3666.d,30,230906,nabut,1,C5,cell,100,treat,3666,
nabut_1_cells,BM20231010_Ultra_IO25_200nl_30min_230906_nabut_1_D2_mix_Slot1-1_1_3691.d,30,230906,nabut,1,D2,cell,1,mix,3691,
nabut_1_cells,BM20231010_Ultra_IO25_200nl_30min_230906_nabut_1_D3_mix_Slot1-1_1_3720.d,30,230906,nabut,1,D3,cell,1,mix,3720,
nabut_1_cells,BM20231010_Ultra_IO25_200nl_30min_230906_nabut_1_D4_ctrl_Slot1-1_1_3706.d,30,230906,nabut,1,D4,cell,1,control,3706,
nabut_1_cells,BM20231010_Ultra_IO25_200nl_30min_230906_nabut_1_D5_treat_Slot1-1_1_3713.d,30,230906,nabut,1,D5,cell,1,treat,3713,
nabut_1_cells,BM20231010_Ultra_IO25_200nl_30min_230906_nabut_1_E2_mix_Slot1-1_1_3692.d,30,230906,nabut,1,E2,cell,1,mix,3692,
nabut_1_cells,BM20231010_Ultra_IO25_200nl_30min_230906_nabut_1_E3_mix_Slot1-1_1_3721.d,30,230906,nabut,1,E3,cell,1,mix,3721,
nabut_1_cells,BM20231010_Ultra_IO25_200nl_30min_230906_nabut_1_E4_ctrl_Slot1-1_1_3707.d,30,230906,nabut,1,E4,cell,1,control,3707,
nabut_1_cells,BM20231010_Ultra_IO25_200nl_30min_230906_nabut_1_E5_treat_Slot1-1_1_3714.d,30,230906,nabut,1,E5,cell,1,treat,3714,
nabut_1_cells,BM20231010_Ultra_IO25_200nl_30min_230906_nabut_1_F2_mix_Slot1-1_1_3693.d,30,230906,nabut,1,F2,cell,1,mix,3693,
nabut_1_cells,BM20231010_Ultra_IO25_200nl_30min_230906_nabut_1_F3_mix_Slot1-1_1_3722.d,30,230906,nabut,1,F3,cell,1,mix,3722,
nabut_1_cells,BM20231010_Ultra_IO25_200nl_30min_230906_nabut_1_F4_ctrl_Slot1-1_1_3708.d,30,230906,nabut,1,F4,cell,1,control,3708,
nabut_1_cells,BM20231010_Ultra_IO25_200nl_30min_230906_nabut_1_F5_treat_Slot1-1_1_3715.d,30,230906,nabut,1,F5,cell,1,treat,3715,
nabut_1_cells,BM20231010_Ultra_IO25_200nl_30min_230906_nabut_1_G2_mix_Slot1-1_1_3694.d,30,230906,nabut,1,G2,cell,1,mix,3694,
nabut_1_cells,BM20231010_Ultra_IO25_200nl_30min_230906_nabut_1_G3_mix_Slot1-1_1_3723.d,30,230906,nabut,1,G3,cell,1,mix,3723,
nabut_1_cells,BM20231010_Ultra_IO25_200nl_30min_230906_nabut_1_G4_ctrl_Slot1-1_1_3709.d,30,230906,nabut,1,G4,cell,1,control,3709,
nabut_1_cells,BM20231010_Ultra_IO25_200nl_30min_230906_nabut_1_G5_treat_Slot1-1_1_3716.d,30,230906,nabut,1,G5,cell,1,treat,3716,
nabut_1_cells,BM20231010_Ultra_IO25_200nl_30min_230906_nabut_1_H2_mix_Slot1-1_1_3695.d,30,230906,nabut,1,H2,cell,1,mix,3695,
nabut_1_cells,BM20231010_Ultra_IO25_200nl_30min_230906_nabut_1_H4_ctrl_Slot1-1_1_3710.d,30,230906,nabut,1,H4,cell,1,control,3710,
nabut_1_cells,BM20231010_Ultra_IO25_200nl_30min_230906_nabut_1_H5_treat_Slot1-1_1_3717.d,30,230906,nabut,1,H5,cell,1,treat,3717,
nabut_1_cells,BM20231010_Ultra_IO25_200nl_30min_230906_nabut_1_I2_mix_Slot1-1_1_3696.d,30,230906,nabut,1,I2,cell,1,mix,3696,
nabut_1_cells,BM20231010_Ultra_IO25_200nl_30min_230906_nabut_1_I3_mix_Slot1-1_1_3725.d,30,230906,nabut,1,I3,cell,1,mix,3725,
nabut_1_cells,BM20231010_Ultra_IO25_200nl_30min_230906_nabut_1_I4_ctrl_Slot1-1_1_3711.d,30,230906,nabut,1,I4,cell,1,control,3711,
nabut_1_cells,BM20231010_Ultra_IO25_200nl_30min_230906_nabut_1_I5_treat_Slot1-1_1_3718.d,30,230906,nabut,1,I5,cell,1,treat,3718,
nabut_1_cells,BM20231010_Ultra_IO25_200nl_30min_230906_nabut_1_J2_mix_Slot1-1_1_3697.d,30,230906,nabut,1,J2,cell,1,mix,3697,
nabut_1_cells,BM20231010_Ultra_IO25_200nl_30min_230906_nabut_1_K2_mix_Slot1-1_1_3698.d,30,230906,nabut,1,K2,cell,1,mix,3698,
nabut_1_cells,BM20231010_Ultra_IO25_200nl_30min_230906_nabut_1_L2_mix_Slot1-1_1_3699.d,30,230906,nabut,1,L2,cell,1,mix,3699,
nabut_1_cells,BM20231010_Ultra_IO25_200nl_30min_230906_nabut_1_M2_mix_Slot1-1_1_3700.d,30,230906,nabut,1,M2,cell,1,mix,3700,
nabut_1_cells,BM20231010_Ultra_IO25_200nl_30min_230906_nabut_1_N2_mix_Slot1-1_1_3701.d,30,230906,nabut,1,N2,cell,1,mix,3701,
nabut_1_cells,BM20231010_Ultra_IO25_200nl_30min_230906_nabut_1_O2_mix_Slot1-1_1_3702.d,30,230906,nabut,1,O2,cell,1,mix,3702,
nabut_1_hist,BM20231010_Ultra_IO25_200nl_30min_230906_nabut_1_histStand_B6_empty_Slot1-1_1_3727.d,30,230906,nabut,1,B6,standard,0,,3727,
nabut_1_hist,BM20231010_Ultra_IO25_200nl_30min_230906_nabut_1_histStand_C6_100_Slot1-1_1_3732.d,30,230906,nabut,1,C6,standard,100,,3732,
nabut_1_hist,BM20231010_Ultra_IO25_200nl_30min_230906_nabut_1_histStand_F6_1_Slot1-1_1_3728.d,30,230906,nabut,1,F6,standard,1,,3728,
nabut_1_hist,BM20231010_Ultra_IO25_200nl_30min_230906_nabut_1_histStand_G6_2_Slot1-1_1_3729.d,30,230906,nabut,1,G6,standard,2,,3729,
nabut_1_hist,BM20231010_Ultra_IO25_200nl_30min_230906_nabut_1_histStand_L6_4_Slot1-1_1_3730.d,30,230906,nabut,1,L6,standard,4,,3730,
nabut_1_hist,BM20231010_Ultra_IO25_200nl_30min_230906_nabut_1_histStand_M6_8_Slot1-1_1_3731.d,30,230906,nabut,1,M6,standard,8,,3731,
nabut_4_5cm_5min_cells,BM20231029_Ultra_IO5_200nl_5min_230911_nabut_4_J3_mix_Slot1-1_1_3826.d,5,230911,nabut,4,J3,mix,1,mix,3826,
nabut_4_5cm_5min_cells,BM20231029_Ultra_IO5_200nl_5min_230911_nabut_4_K3_mix_Slot1-1_1_3827.d,5,230911,nabut,4,K3,mix,1,mix,3827,
nabut_4_5cm_5min_cells,BM20231029_Ultra_IO5_200nl_5min_230911_nabut_4_L3_mix_Slot1-1_1_3828.d,5,230911,nabut,4,L3,mix,1,mix,3828,
nabut_4_5cm_5min_hist,BM20231029_Ultra_IO5_200nl_5min_230911_nabut_4_histStand_E6_1_Slot1-1_1_3818.d,5,230911,nabut,4,E6,standard,1,,3818,
nabut_4_5cm_5min_hist,BM20231029_Ultra_IO5_200nl_5min_230911_nabut_4_histStand_H6_2_Slot1-1_1_3819.d,5,230911,nabut,4,H6,standard,2,,3819,
nabut_4_5cm_5min_hist,BM20231029_Ultra_IO5_200nl_5min_230911_nabut_4_histStand_K6_4_Slot1-1_1_3820.d,5,230911,nabut,4,K6,standard,4,,3820,
nabut_4_5cm_5min_hist,BM20231029_Ultra_IO5_200nl_5min_230911_nabut_4_histStand_N6_8_Slot1-1_1_3821.d,5,230911,nabut,4,N6,standard,8,,3821,
nabut_4_5cm_cells,BM20231029_Ultra_IO5_200nl_15min_230911_nabut_4_B5_empty_Slot1-1_1_3798.d,15,230911,nabut,4,B5,cell,0,,3798,
nabut_4_5cm_cells,BM20231029_Ultra_IO5_200nl_15min_230911_nabut_4_J4_ctrl_Slot1-1_1_3787.d,15,230911,nabut,4,J4,cell,1,control,3787,
nabut_4_5cm_cells,BM20231029_Ultra_IO5_200nl_15min_230911_nabut_4_J5_treat_Slot1-1_1_3805.d,15,230911,nabut,4,J5,cell,1,treat,3805,
nabut_4_5cm_cells,BM20231029_Ultra_IO5_200nl_15min_230911_nabut_4_K4_ctrl_Slot1-1_1_3788.d,15,230911,nabut,4,K4,cell,1,control,3788,
nabut_4_5cm_cells,BM20231029_Ultra_IO5_200nl_15min_230911_nabut_4_K5_treat_Slot1-1_1_3806.d,15,230911,nabut,4,K5,cell,1,treat,3806,
nabut_4_5cm_cells,BM20231029_Ultra_IO5_200nl_15min_230911_nabut_4_L5_treat_Slot1-1_1_3807.d,15,230911,nabut,4,L5,cell,1,treat,3807,
nabut_4_5cm_cells,BM20231029_Ultra_IO5_200nl_15min_230911_nabut_4_M3_mix_Slot1-1_1_3814.d,15,230911,nabut,4,M3,cell,1,mix,3814,
nabut_4_5cm_cells,BM20231029_Ultra_IO5_200nl_15min_230911_nabut_4_M5_treat_Slot1-1_1_3808.d,15,230911,nabut,4,M5,cell,1,treat,3808,
nabut_4_5cm_cells,BM20231029_Ultra_IO5_200nl_15min_230911_nabut_4_N3_mix_Slot1-1_1_3815.d,15,230911,nabut,4,N3,cell,1,mix,3815,
nabut_4_5cm_cells,BM20231029_Ultra_IO5_200nl_15min_230911_nabut_4_N4_ctrl_Slot1-1_1_3796.d,15,230911,nabut,4,N4,cell,1,control,3796,
nabut_4_5cm_cells,BM20231029_Ultra_IO5_200nl_15min_230911_nabut_4_N5_treat_Slot1-1_1_3809.d,15,230911,nabut,4,N5,cell,1,treat,3809,
nabut_4_5cm_cells,BM20231029_Ultra_IO5_200nl_15min_230911_nabut_4_O3_mix_Slot1-1_1_3816.d,15,230911,nabut,4,O3,cell,1,mix,3816,
nabut_4_5cm_cells,BM20231029_Ultra_IO5_200nl_15min_230911_nabut_4_O4_ctrl_Slot1-1_1_3797.d,15,230911,nabut,4,O4,cell,1,control,3797,
nabut_4_5cm_cells,BM20231029_Ultra_IO5_200nl_15min_230911_nabut_4_O5_treat_Slot1-1_1_3810.d,15,230911,nabut,4,O5,cell,1,treat,3810,
nabut_4_cells,BM20231010_Ultra_IO25_200nl_30min_230911_nabut_4_B2_empty_Slot1-1_1_3639.d,30,230911,nabut,4,B2,cell,0,,3639,
nabut_4_cells,BM20231010_Ultra_IO25_200nl_30min_230911_nabut_4_B4_empty_Slot1-1_1_3674.d,30,230911,nabut,4,B4,cell,0,,3674,
nabut_4_cells,BM20231010_Ultra_IO25_200nl_30min_230911_nabut_4_control_C2_100_Slot1-1_1_3652.d,30,230911,nabut,4,C2,cell,100,control,3652,
nabut_4_cells,BM20231010_Ultra_IO25_200nl_30min_230911_nabut_4_control_C4_100_Slot1-1_1_3653.d,30,230911,nabut,4,C4,cell,100,control,3653,
nabut_4_cells,BM20231010_Ultra_IO25_200nl_30min_230911_nabut_4_D2_mix_Slot1-1_1_3640.d,30,230911,nabut,4,D2,cell,1,mix,3640,
nabut_4_cells,BM20231010_Ultra_IO25_200nl_30min_230911_nabut_4_D4_ctrl_Slot1-1_1_3668.d,30,230911,nabut,4,D4,cell,1,control,3668,
nabut_4_cells,BM20231010_Ultra_IO25_200nl_30min_230911_nabut_4_D5_treat_Slot1-1_1_3675.d,30,230911,nabut,4,D5,cell,1,treat,3675,
nabut_4_cells,BM20231010_Ultra_IO25_200nl_30min_230911_nabut_4_E2_mix_Slot1-1_1_3641.d,30,230911,nabut,4,E2,cell,1,mix,3641,
nabut_4_cells,BM20231010_Ultra_IO25_200nl_30min_230911_nabut_4_E3_mix_Slot1-1_1_3682.d,30,230911,nabut,4,E3,cell,1,mix,3682,
nabut_4_cells,BM20231010_Ultra_IO25_200nl_30min_230911_nabut_4_E4_ctrl_Slot1-1_1_3669.d,30,230911,nabut,4,E4,cell,1,control,3669,
nabut_4_cells,BM20231010_Ultra_IO25_200nl_30min_230911_nabut_4_E5_treat_Slot1-1_1_3676.d,30,230911,nabut,4,E5,cell,1,treat,3676,
nabut_4_cells,BM20231010_Ultra_IO25_200nl_30min_230911_nabut_4_F2_mix_Slot1-1_1_3642.d,30,230911,nabut,4,F2,cell,1,mix,3642,
nabut_4_cells,BM20231010_Ultra_IO25_200nl_30min_230911_nabut_4_F3_mix_Slot1-1_1_3683.d,30,230911,nabut,4,F3,cell,1,mix,3683,
nabut_4_cells,BM20231010_Ultra_IO25_200nl_30min_230911_nabut_4_F4_ctrl_Slot1-1_1_3670.d,30,230911,nabut,4,F4,cell,1,control,3670,
nabut_4_cells,BM20231010_Ultra_IO25_200nl_30min_230911_nabut_4_F5_treat_Slot1-1_1_3677.d,30,230911,nabut,4,F5,cell,1,treat,3677,
nabut_4_cells,BM20231010_Ultra_IO25_200nl_30min_230911_nabut_4_G2_mix_Slot1-1_1_3643.d,30,230911,nabut,4,G2,cell,1,mix,3643,
nabut_4_cells,BM20231010_Ultra_IO25_200nl_30min_230911_nabut_4_G3_mix_Slot1-1_1_3684.d,30,230911,nabut,4,G3,cell,1,mix,3684,
nabut_4_cells,BM20231010_Ultra_IO25_200nl_30min_230911_nabut_4_G4_ctrl_Slot1-1_1_3671.d,30,230911,nabut,4,G4,cell,1,control,3671,
nabut_4_cells,BM20231010_Ultra_IO25_200nl_30min_230911_nabut_4_G5_treat_Slot1-1_1_3678.d,30,230911,nabut,4,G5,cell,1,treat,3678,
nabut_4_cells,BM20231010_Ultra_IO25_200nl_30min_230911_nabut_4_H2_mix_Slot1-1_1_3644.d,30,230911,nabut,4,H2,cell,1,mix,3644,
nabut_4_cells,BM20231010_Ultra_IO25_200nl_30min_230911_nabut_4_H3_mix_Slot1-1_1_3685.d,30,230911,nabut,4,H3,cell,1,mix,3685,
nabut_4_cells,BM20231010_Ultra_IO25_200nl_30min_230911_nabut_4_H4_ctrl_Slot1-1_1_3672.d,30,230911,nabut,4,H4,cell,1,control,3672,
nabut_4_cells,BM20231010_Ultra_IO25_200nl_30min_230911_nabut_4_H5_treat_Slot1-1_1_3679.d,30,230911,nabut,4,H5,cell,1,treat,3679,
nabut_4_cells,BM20231010_Ultra_IO25_200nl_30min_230911_nabut_4_I2_mix_Slot1-1_1_3645.d,30,230911,nabut,4,I2,cell,1,mix,3645,
nabut_4_cells,BM20231010_Ultra_IO25_200nl_30min_230911_nabut_4_I3_mix_Slot1-1_1_3686.d,30,230911,nabut,4,I3,cell,1,mix,3686,
nabut_4_cells,BM20231010_Ultra_IO25_200nl_30min_230911_nabut_4_I4_ctrl_Slot1-1_1_3673.d,30,230911,nabut,4,I4,cell,1,control,3673,
nabut_4_cells,BM20231010_Ultra_IO25_200nl_30min_230911_nabut_4_I5_treat_Slot1-1_1_3680.d,30,230911,nabut,4,I5,cell,1,treat,3680,
nabut_4_cells,BM20231010_Ultra_IO25_200nl_30min_230911_nabut_4_J2_mix_Slot1-1_1_3646.d,30,230911,nabut,4,J2,cell,1,mix,3646,
nabut_4_cells,BM20231010_Ultra_IO25_200nl_30min_230911_nabut_4_K2_mix_Slot1-1_1_3647.d,30,230911,nabut,4,K2,cell,1,mix,3647,
nabut_4_cells,BM20231010_Ultra_IO25_200nl_30min_230911_nabut_4_L2_mix_Slot1-1_1_3648.d,30,230911,nabut,4,L2,cell,1,mix,3648,
nabut_4_cells,BM20231010_Ultra_IO25_200nl_30min_230911_nabut_4_M2_mix_Slot1-1_1_3649.d,30,230911,nabut,4,M2,cell,1,mix,3649,
nabut_4_cells,BM20231010_Ultra_IO25_200nl_30min_230911_nabut_4_N2_mix_Slot1-1_1_3650.d,30,230911,nabut,4,N2,cell,1,mix,3650,
nabut_4_cells,BM20231010_Ultra_IO25_200nl_30min_230911_nabut_4_O2_mix_Slot1-1_1_3651.d,30,230911,nabut,4,O2,cell,1,mix,3651,
nabut_4_cells,BM20231010_Ultra_IO25_200nl_30min_230911_nabut_4_treat_C3_100_Slot1-1_1_3655.d,30,230911,nabut,4,C3,cell,100,treat,3655,
nabut_4_cells,BM20231010_Ultra_IO25_200nl_30min_230911_nabut_4_treat_C5_100_Slot1-1_1_3656.d,30,230911,nabut,4,C5,cell,100,treat,3656,
nabut_4_hist,BM20231010_Ultra_IO25_200nl_30min_230911_nabut_4_histStand_B6_empty_Slot1-1_1_3658.d,30,230911,nabut,4,B6,standard,0,,3658,
nabut_4_hist,BM20231010_Ultra_IO25_200nl_30min_230911_nabut_4_histStand_C6_100_Slot1-1_1_3663.d,30,230911,nabut,4,C6,standard,100,,3663,
nabut_4_hist,BM20231010_Ultra_IO25_200nl_30min_230911_nabut_4_histStand_F6_1_Slot1-1_1_3659.d,30,230911,nabut,4,F6,standard,1,,3659,
nabut_4_hist,BM20231010_Ultra_IO25_200nl_30min_230911_nabut_4_histStand_G6_2_Slot1-1_1_3660.d,30,230911,nabut,4,G6,standard,2,,3660,
nabut_4_hist,BM20231010_Ultra_IO25_200nl_30min_230911_nabut_4_histStand_K6_4_Slot1-1_1_3661.d,30,230911,nabut,4,K6,standard,4,,3661,
nabut_4_hist,BM20231010_Ultra_IO25_200nl_30min_230911_nabut_4_histStand_L6_8_Slot1-1_1_3662.d,30,230911,nabut,4,L6,standard,8,,3662,
230620_auto_cells,BM20230623_Ultra_IO25_200nl_30min2_diaPASEF_230620_P4_1_D4_Slot1-1_1_1300.d,30,230620,auto,1,D4,cell,1,,1300,
230620_auto_cells,BM20230623_Ultra_IO25_200nl_30min2_diaPASEF_230620_P4_1_E4_Slot1-1_1_1301.d,30,230620,auto,1,E4,cell,1,,1301,
230620_auto_cells,BM20230623_Ultra_IO25_200nl_30min2_diaPASEF_230620_P4_1_F4_Slot1-1_1_1302.d,30,230620,auto,1,F4,cell,1,,1302,
230620_auto_cells,BM20230623_Ultra_IO25_200nl_30min2_diaPASEF_230620_P4_1_G4_Slot1-1_1_1305.d,30,230620,auto,1,G4,cell,1,,1305,
230620_auto_cells,BM20230623_Ultra_IO25_200nl_30min2_diaPASEF_230620_P4_1_H4_Slot1-1_1_1306.d,30,230620,auto,1,H4,cell,1,,1306,
230620_auto_cells,BM20230623_Ultra_IO25_200nl_30min2_diaPASEF_230620_P4_1_I4_Slot1-1_1_1307.d,30,230620,auto,1,I4,cell,1,,1307,
230620_auto_cells,BM20230623_Ultra_IO25_200nl_30min2_diaPASEF_230620_P4_2_J4_Slot1-1_1_1309.d,30,230620,auto,1,J4,cell,2,,1309,
230620_auto_cells,BM20230623_Ultra_IO25_200nl_30min2_diaPASEF_230620_P4_2_K4_Slot1-1_1_1310.d,30,230620,auto,1,K4,cell,2,,1310,
230620_auto_cells,BM20230623_Ultra_IO25_200nl_30min2_diaPASEF_230620_P4_4_L4_Slot1-1_1_1312.d,30,230620,auto,1,L4,cell,4,,1312,
230620_auto_cells,BM20230623_Ultra_IO25_200nl_30min2_diaPASEF_230620_P4_4_M4_Slot1-1_1_1313.d,30,230620,auto,1,M4,cell,4,,1313,
230620_auto_cells,BM20230623_Ultra_IO25_200nl_30min2_diaPASEF_230620_P4_8_N4_Slot1-1_1_1315.d,30,230620,auto,1,N4,cell,8,,1315,
230620_auto_cells,BM20230623_Ultra_IO25_200nl_30min2_diaPASEF_230620_P4_8_O4_Slot1-1_1_1316.d,30,230620,auto,1,O4,cell,8,,1316,
230620_auto_cells,BM20230623_Ultra_IO25_200nl_30min2_diaPASEF_230620_P4_100_C4_Slot1-1_1_1298.d,30,230620,auto,1,C4,cell,100,,1298,
230620_auto_cells,BM20230623_Ultra_IO25_200nl_30min2_diaPASEF_230620_P4_empty_B4_Slot1-1_1_1304.d,30,230620,auto,1,B4,cell,0,,1304,
230620_auto_cells,BM20230624_Ultra_IO25_200nl_30min2_diaPASEF_230620_P4_1_D3_Slot1-1_1_1321.d,30,230620,auto,1,D3,cell,1,,1321,
230620_auto_cells,BM20230624_Ultra_IO25_200nl_30min2_diaPASEF_230620_P4_1_E3_Slot1-1_1_1322.d,30,230620,auto,1,E3,cell,1,,1322,
230620_auto_cells,BM20230624_Ultra_IO25_200nl_30min2_diaPASEF_230620_P4_1_F3_Slot1-1_1_1323.d,30,230620,auto,1,F3,cell,1,,1323,
230620_auto_cells,BM20230624_Ultra_IO25_200nl_30min2_diaPASEF_230620_P4_1_G3_Slot1-1_1_1325.d,30,230620,auto,1,G3,cell,1,,1325,
230620_auto_cells,BM20230624_Ultra_IO25_200nl_30min2_diaPASEF_230620_P4_1_H2_Slot1-1_1_1341.d,30,230620,auto,1,H2,cell,1,,1341,
230620_auto_cells,BM20230624_Ultra_IO25_200nl_30min2_diaPASEF_230620_P4_1_H3_Slot1-1_1_1326.d,30,230620,auto,1,H3,cell,1,,1326,
230620_auto_cells,BM20230624_Ultra_IO25_200nl_30min2_diaPASEF_230620_P4_1_I2_Slot1-1_1_1342.d,30,230620,auto,1,I2,cell,1,,1342,
230620_auto_cells,BM20230624_Ultra_IO25_200nl_30min2_diaPASEF_230620_P4_1_I3_Slot1-1_1_1327.d,30,230620,auto,1,I3,cell,1,,1327,
230620_auto_cells,BM20230624_Ultra_IO25_200nl_30min2_diaPASEF_230620_P4_2_J2_Slot1-1_1_1344.d,30,230620,auto,1,J2,cell,2,,1344,
230620_auto_cells,BM20230624_Ultra_IO25_200nl_30min2_diaPASEF_230620_P4_2_J3_Slot1-1_1_1329.d,30,230620,auto,1,J3,cell,2,,1329,
230620_auto_cells,BM20230624_Ultra_IO25_200nl_30min2_diaPASEF_230620_P4_2_K2_Slot1-1_1_1345.d,30,230620,auto,1,K2,cell,2,,1345,
230620_auto_cells,BM20230624_Ultra_IO25_200nl_30min2_diaPASEF_230620_P4_2_K3_Slot1-1_1_1330.d,30,230620,auto,1,K3,cell,2,,1330,
230620_auto_cells,BM20230624_Ultra_IO25_200nl_30min2_diaPASEF_230620_P4_4_L2_Slot1-1_1_1347.d,30,230620,auto,1,L2,cell,4,,1347,
230620_auto_cells,BM20230624_Ultra_IO25_200nl_30min2_diaPASEF_230620_P4_4_L3_Slot1-1_1_1332.d,30,230620,auto,1,L3,cell,4,,1332,
230620_auto_cells,BM20230624_Ultra_IO25_200nl_30min2_diaPASEF_230620_P4_4_M3_Slot1-1_1_1333.d,30,230620,auto,1,M3,cell,4,,1333,
230620_auto_cells,BM20230624_Ultra_IO25_200nl_30min2_diaPASEF_230620_P4_8_N3_Slot1-1_1_1335.d,30,230620,auto,1,N3,cell,8,,1335,
230620_auto_cells,BM20230624_Ultra_IO25_200nl_30min2_diaPASEF_230620_P4_8_O3_Slot1-1_1_1336.d,30,230620,auto,1,O3,cell,8,,1336,
230620_auto_cells,BM20230624_Ultra_IO25_200nl_30min2_diaPASEF_230620_P4_100_C2_Slot1-1_1_1339.d,30,230620,auto,1,C2,cell,100,,1339,
230620_auto_cells,BM20230624_Ultra_IO25_200nl_30min2_diaPASEF_230620_P4_100_C3_Slot1-1_1_1319.d,30,230620,auto,1,C3,cell,100,,1319,
230620_auto_cells,BM20230624_Ultra_IO25_200nl_30min2_diaPASEF_230620_P4_empty_B2_Slot1-1_1_1338.d,30,230620,auto,1,B2,cell,0,,1338,
230620_auto_cells,BM20230624_Ultra_IO25_200nl_30min2_diaPASEF_230620_P4_empty_B3_Slot1-1_1_1318.d,30,230620,auto,1,B3,cell,0,,1318,
230620_auto_hist,BM20230622_Ultra_IO25_200nl_30min2_diaPASEF_230620_P4_1_hist_stndrd_D5_Slot1-1_1_1281.d,30,230620,auto,1,D5,standard,1,,1281,
230620_auto_hist,BM20230622_Ultra_IO25_200nl_30min2_diaPASEF_230620_P4_1_hist_stndrd_E5_Slot1-1_1_1282.d,30,230620,auto,1,E5,standard,1,,1282,
230620_auto_hist,BM20230622_Ultra_IO25_200nl_30min2_diaPASEF_230620_P4_1_hist_stndrd_F5_Slot1-1_1_1283.d,30,230620,auto,1,F5,standard,1,,1283,
230620_auto_hist,BM20230622_Ultra_IO25_200nl_30min2_diaPASEF_230620_P4_1_hist_stndrd_G5_Slot1-1_1_1285.d,30,230620,auto,1,G5,standard,1,,1285,
230620_auto_hist,BM20230622_Ultra_IO25_200nl_30min2_diaPASEF_230620_P4_1_hist_stndrd_H5_Slot1-1_1_1286.d,30,230620,auto,1,H5,standard,1,,1286,
230620_auto_hist,BM20230622_Ultra_IO25_200nl_30min2_diaPASEF_230620_P4_1_hist_stndrd_I5_Slot1-1_1_1287.d,30,230620,auto,1,I5,standard,1,,1287,
230620_auto_hist,BM20230622_Ultra_IO25_200nl_30min2_diaPASEF_230620_P4_2_hist_stndrd_J5_Slot1-1_1_1289.d,30,230620,auto,1,J5,standard,2,,1289,
230620_auto_hist,BM20230622_Ultra_IO25_200nl_30min2_diaPASEF_230620_P4_2_hist_stndrd_K5_Slot1-1_1_1290.d,30,230620,auto,1,K5,standard,2,,1290,
230620_auto_hist,BM20230622_Ultra_IO25_200nl_30min2_diaPASEF_230620_P4_4_hist_stndrd_L5_Slot1-1_1_1292.d,30,230620,auto,1,L5,standard,4,,1292,
230620_auto_hist,BM20230622_Ultra_IO25_200nl_30min2_diaPASEF_230620_P4_4_hist_stndrd_M5_Slot1-1_1_1293.d,30,230620,auto,1,M5,standard,4,,1293,
230620_auto_hist,BM20230622_Ultra_IO25_200nl_30min2_diaPASEF_230620_P4_8_hist_stndrd_N5_Slot1-1_1_1295.d,30,230620,auto,1,N5,standard,8,,1295,
230620_auto_hist,BM20230622_Ultra_IO25_200nl_30min2_diaPASEF_230620_P4_8_hist_stndrd_O5_Slot1-1_1_1296.d,30,230620,auto,1,O5,standard,8,,1296,
230620_auto_hist,BM20230622_Ultra_IO25_200nl_30min2_diaPASEF_230620_P4_100_hist_stndrd_C5_Slot1-1_1_1279.d,30,230620,auto,1,C5,standard,100,,1279,